analysis,region,age,predictor,Unique,Average.share,individual,I.perc(%),model_profile,zero_individual,zero_total,allocation,status,n_samples,selection_status,n_candidates,n_selected,global_p_value,spatial_adjusted_r_squared
temporal_spd,Asia,2000,human,0.0165,-0.002100000000000001,0.0144,11.16,human_climate_space,0.0144,0.129,0.11162790697674418,spatial_model_estimated,174,selected,42,1,0.001,0.12075957282716465
temporal_spd,Asia,2000,climate,0.0898,-0.009900000000000006,0.0799,61.94,human_climate_space,0.0799,0.129,0.6193798449612403,spatial_model_estimated,174,selected,42,1,0.001,0.12075957282716465
temporal_spd,Asia,2000,space,0.0309,0.0038000000000000013,0.0347,26.9,human_climate_space,0.0347,0.129,0.2689922480620155,spatial_model_estimated,174,selected,42,1,0.001,0.12075957282716465
temporal_spd,Asia,2500,human,0.0036,-7.999999999999999e-4,0.0028,2.19,human_climate_space,0.0028,0.1278,0.02190923317683881,spatial_model_estimated,171,selected,40,1,0.001,0.1380831151354629
temporal_spd,Asia,2500,climate,0.0953,-0.004900000000000002,0.0904,70.62,human_climate_space,0.0904,0.1278,0.7073552425665102,spatial_model_estimated,171,selected,40,1,0.001,0.1380831151354629
temporal_spd,Asia,2500,space,0.0334,0.0011999999999999997,0.0346,27.03,human_climate_space,0.0346,0.1278,0.27073552425665104,spatial_model_estimated,171,selected,40,1,0.001,0.1380831151354629
temporal_spd,Asia,3000,human,0.0044,-0.0014000000000000002,0.003,2.48,human_climate_space,0.003,0.12129999999999999,0.024732069249793903,spatial_model_estimated,174,selected,41,1,0.001,0.12461216974957345
temporal_spd,Asia,3000,climate,0.0839,-3.000000000000086e-4,0.0836,69.09,human_climate_space,0.0836,0.12129999999999999,0.6892003297609234,spatial_model_estimated,174,selected,41,1,0.001,0.12461216974957345
temporal_spd,Asia,3000,space,0.0297,0.005000000000000001,0.0347,28.68,human_climate_space,0.0347,0.12129999999999999,0.2860676009892828,spatial_model_estimated,174,selected,41,1,0.001,0.12461216974957345
temporal_spd,Asia,3500,human,-2e-4,0.0059,0.0057,6.33,human_climate_space,0.0057,0.09,0.06333333333333334,no_spatial_terms_selected,172,no_terms_selected,40,0,0.006,0.0940699312956399
temporal_spd,Asia,3500,climate,0.0784,0.0059000000000000025,0.0843,93.67,human_climate_space,0.0843,0.09,0.9366666666666666,no_spatial_terms_selected,172,no_terms_selected,40,0,0.006,0.0940699312956399
temporal_spd,Asia,3500,space,NA,NA,0,NA,human_climate_space,0,0.09,0,no_spatial_terms_selected,172,no_terms_selected,40,0,0.006,0.0940699312956399
temporal_spd,Asia,4000,human,0.0042,0.0012000000000000005,0.0054,7.11,human_climate_space,0.0054,0.0759,0.07114624505928854,no_spatial_terms_selected,174,no_terms_selected,41,0,0.001,0.11238031252806413
temporal_spd,Asia,4000,climate,0.0693,0.0011999999999999927,0.0705,92.76,human_climate_space,0.0705,0.0759,0.9288537549407114,no_spatial_terms_selected,174,no_terms_selected,41,0,0.001,0.11238031252806413
temporal_spd,Asia,4000,space,NA,NA,0,NA,human_climate_space,0,0.0759,0,no_spatial_terms_selected,174,no_terms_selected,41,0,0.001,0.11238031252806413
temporal_spd,Asia,4500,human,0.0032,0.0117,0.0149,11.73,human_climate_space,0.0149,0.12739999999999999,0.11695447409733126,spatial_model_estimated,171,selected,40,1,0.001,0.13699780038930964
temporal_spd,Asia,4500,climate,0.0617,0.0119,0.0736,57.95,human_climate_space,0.0736,0.12739999999999999,0.5777080062794349,spatial_model_estimated,171,selected,40,1,0.001,0.13699780038930964
temporal_spd,Asia,4500,space,0.0407,-0.001800000000000003,0.0389,30.63,human_climate_space,0.0389,0.12739999999999999,0.3053375196232339,spatial_model_estimated,171,selected,40,1,0.001,0.13699780038930964
temporal_spd,Asia,5000,human,0.0129,0.0112,0.0241,21.52,human_climate_space,0.0241,0.1121,0.2149866190900981,spatial_model_estimated,174,selected,40,1,0.001,0.11044248084865049
temporal_spd,Asia,5000,climate,0.0524,0.014700000000000005,0.0671,59.91,human_climate_space,0.0671,0.1121,0.5985727029438002,spatial_model_estimated,174,selected,40,1,0.001,0.11044248084865049
temporal_spd,Asia,5000,space,0.0256,-0.004700000000000003,0.0209,18.66,human_climate_space,0.0209,0.1121,0.18644067796610167,spatial_model_estimated,174,selected,40,1,0.001,0.11044248084865049
temporal_spd,Asia,5500,human,-0.0029,0.007699999999999999,0.0048,3.87,human_climate_space,0.0048,0.1239,0.038740920096852295,spatial_model_estimated,173,selected,41,1,0.001,0.105741927393177
temporal_spd,Asia,5500,climate,0.0812,0.0063,0.0875,70.56,human_climate_space,0.0875,0.1239,0.7062146892655367,spatial_model_estimated,173,selected,41,1,0.001,0.105741927393177
temporal_spd,Asia,5500,space,0.0318,-1.999999999999988e-4,0.0316,25.48,human_climate_space,0.0316,0.1239,0.25504439063761103,spatial_model_estimated,173,selected,41,1,0.001,0.105741927393177
temporal_spd,Asia,6000,human,0.0103,0.0142,0.0245,22.9,human_climate_space,0.0245,0.10700000000000001,0.2289719626168224,no_spatial_terms_selected,175,no_terms_selected,41,0,0.005,0.08107982886993315
temporal_spd,Asia,6000,climate,0.0683,0.014200000000000004,0.0825,77.1,human_climate_space,0.0825,0.10700000000000001,0.7710280373831775,no_spatial_terms_selected,175,no_terms_selected,41,0,0.005,0.08107982886993315
temporal_spd,Asia,6000,space,NA,NA,0,NA,human_climate_space,0,0.10700000000000001,0,no_spatial_terms_selected,175,no_terms_selected,41,0,0.005,0.08107982886993315
temporal_spd,Asia,6500,human,-0.0024,0.009,0.0066,6.23,human_climate_space,0.0066,0.10619999999999999,0.062146892655367235,no_spatial_terms_selected,163,no_spatial_signal,39,0,0.15,0.03080210964138419
temporal_spd,Asia,6500,climate,0.0905,0.009099999999999997,0.0996,93.96,human_climate_space,0.0996,0.10619999999999999,0.9378531073446328,no_spatial_terms_selected,163,no_spatial_signal,39,0,0.15,0.03080210964138419
temporal_spd,Asia,6500,space,NA,NA,0,NA,human_climate_space,0,0.10619999999999999,0,no_spatial_terms_selected,163,no_spatial_signal,39,0,0.15,0.03080210964138419
temporal_spd,Asia,7000,human,0.0031,0.0094,0.0125,10.25,human_climate_space,0.0125,0.12179999999999999,0.1026272577996716,no_spatial_terms_selected,160,no_spatial_signal,38,0,0.142,0.03162853494230555
temporal_spd,Asia,7000,climate,0.0999,0.009399999999999992,0.1093,89.59,human_climate_space,0.1093,0.12179999999999999,0.8973727422003285,no_spatial_terms_selected,160,no_spatial_signal,38,0,0.142,0.03162853494230555
temporal_spd,Asia,7000,space,NA,NA,0,NA,human_climate_space,0,0.12179999999999999,0,no_spatial_terms_selected,160,no_spatial_signal,38,0,0.142,0.03162853494230555
temporal_spd,Asia,7500,human,0.0064,0.015700000000000002,0.0221,15.24,human_climate_space,0.0221,0.1454,0.15199449793672629,no_spatial_terms_selected,153,no_spatial_signal,36,0,0.093,0.040278960109085826
temporal_spd,Asia,7500,climate,0.1077,0.015600000000000003,0.1233,85.03,human_climate_space,0.1233,0.1454,0.8480055020632737,no_spatial_terms_selected,153,no_spatial_signal,36,0,0.093,0.040278960109085826
temporal_spd,Asia,7500,space,NA,NA,0,NA,human_climate_space,0,0.1454,0,no_spatial_terms_selected,153,no_spatial_signal,36,0,0.093,0.040278960109085826
temporal_spd,Asia,8000,human,0.0011,0.008199999999999999,0.0093,5.22,human_climate_space,0.0093,0.17779999999999999,0.05230596175478065,spatial_model_estimated,150,selected,37,1,0.003,0.09188462368595773
temporal_spd,Asia,8000,climate,0.1354,0.011800000000000005,0.1472,82.7,human_climate_space,0.1472,0.17779999999999999,0.8278965129358831,spatial_model_estimated,150,selected,37,1,0.003,0.09188462368595773
temporal_spd,Asia,8000,space,0.0197,0.0016000000000000007,0.0213,11.97,human_climate_space,0.0213,0.17779999999999999,0.11979752530933634,spatial_model_estimated,150,selected,37,1,0.003,0.09188462368595773
temporal_spd,Asia,8500,human,-5e-4,0.0052,0.0047,2.66,human_climate_space,0.0047,0.1774,0.02649379932356257,spatial_model_estimated,138,selected,32,1,0.007,0.08408268531077878
temporal_spd,Asia,8500,climate,0.1579,0.0021999999999999797,0.1601,90.45,human_climate_space,0.1601,0.1774,0.9024802705749717,spatial_model_estimated,138,selected,32,1,0.007,0.08408268531077878
temporal_spd,Asia,8500,space,0.0156,-0.002999999999999999,0.0126,7.12,human_climate_space,0.0126,0.1774,0.07102593010146561,spatial_model_estimated,138,selected,32,1,0.007,0.08408268531077878
temporal_spd,Europe,2000,human,0.0029,0,0.0029,1.61,human_climate_space,0.0029,0.18030000000000002,0.016084303937881305,spatial_model_estimated,389,selected,82,7,0.001,0.22063898842263452
temporal_spd,Europe,2000,climate,0.0536,0.021899999999999996,0.0755,41.94,human_climate_space,0.0755,0.18030000000000002,0.41874653355518576,spatial_model_estimated,389,selected,82,7,0.001,0.22063898842263452
temporal_spd,Europe,2000,space,0.0796,0.0223,0.1019,56.61,human_climate_space,0.1019,0.18030000000000002,0.5651691625069328,spatial_model_estimated,389,selected,82,7,0.001,0.22063898842263452
temporal_spd,Europe,2500,human,0.012,-0.0049,0.0071,4.06,human_climate_space,0.0071,0.175,0.04057142857142858,spatial_model_estimated,392,selected,83,8,0.001,0.22048401091807823
temporal_spd,Europe,2500,climate,0.0441,0.0172,0.0613,35.03,human_climate_space,0.0613,0.175,0.3502857142857143,spatial_model_estimated,392,selected,83,8,0.001,0.22048401091807823
temporal_spd,Europe,2500,space,0.09,0.016600000000000004,0.1066,60.91,human_climate_space,0.1066,0.175,0.6091428571428572,spatial_model_estimated,392,selected,83,8,0.001,0.22048401091807823
temporal_spd,Europe,3000,human,0.0039,0.003,0.0069,4.79,human_climate_space,0.0069,0.1442,0.0478502080443828,spatial_model_estimated,387,selected,81,7,0.001,0.21957886683704675
temporal_spd,Europe,3000,climate,0.0376,0.011699999999999995,0.0493,34.24,human_climate_space,0.0493,0.1442,0.3418862690707351,spatial_model_estimated,387,selected,81,7,0.001,0.21957886683704675
temporal_spd,Europe,3000,space,0.0822,0.0058,0.088,61.11,human_climate_space,0.088,0.1442,0.6102635228848821,spatial_model_estimated,387,selected,81,7,0.001,0.21957886683704675
temporal_spd,Europe,3500,human,0.0013,0.007200000000000001,0.0085,4.8,human_climate_space,0.0085,0.1774,0.047914317925591886,spatial_model_estimated,382,selected,80,7,0.001,0.280140056687076
temporal_spd,Europe,3500,climate,0.0545,0.004499999999999997,0.059,33.33,human_climate_space,0.059,0.1774,0.33258173618940245,spatial_model_estimated,382,selected,80,7,0.001,0.280140056687076
temporal_spd,Europe,3500,space,0.1122,-0.0022999999999999965,0.1099,62.09,human_climate_space,0.1099,0.1774,0.6195039458850056,spatial_model_estimated,382,selected,80,7,0.001,0.280140056687076
temporal_spd,Europe,4000,human,0.002,0.006,0.008,4.57,human_climate_space,0.008,0.1752,0.04566210045662101,spatial_model_estimated,387,selected,81,10,0.001,0.2476169874237757
temporal_spd,Europe,4000,climate,0.0619,0.009599999999999997,0.0715,40.86,human_climate_space,0.0715,0.1752,0.4081050228310502,spatial_model_estimated,387,selected,81,10,0.001,0.2476169874237757
temporal_spd,Europe,4000,space,0.0966,-9.000000000000119e-4,0.0957,54.69,human_climate_space,0.0957,0.1752,0.5462328767123288,spatial_model_estimated,387,selected,81,10,0.001,0.2476169874237757
temporal_spd,Europe,4500,human,-0.0012,0.0027,0.0015,0.79,human_climate_space,0.0015,0.191,0.007853403141361256,spatial_model_estimated,388,selected,81,10,0.001,0.261419014700356
temporal_spd,Europe,4500,climate,0.0462,0.018900000000000007,0.0651,34.08,human_climate_space,0.0651,0.191,0.34083769633507854,spatial_model_estimated,388,selected,81,10,0.001,0.261419014700356
temporal_spd,Europe,4500,space,0.1069,0.0175,0.1244,65.13,human_climate_space,0.1244,0.191,0.6513089005235602,spatial_model_estimated,388,selected,81,10,0.001,0.261419014700356
temporal_spd,Europe,5000,human,-1e-4,0.0031,0.003,1.88,human_climate_space,0.003,0.1599,0.01876172607879925,spatial_model_estimated,382,selected,80,8,0.001,0.2535578495974502
temporal_spd,Europe,5000,climate,0.0497,0.006999999999999999,0.0567,35.44,human_climate_space,0.0567,0.1599,0.3545966228893058,spatial_model_estimated,382,selected,80,8,0.001,0.2535578495974502
temporal_spd,Europe,5000,space,0.0935,0.006699999999999998,0.1002,62.62,human_climate_space,0.1002,0.1599,0.626641651031895,spatial_model_estimated,382,selected,80,8,0.001,0.2535578495974502
temporal_spd,Europe,5500,human,3e-4,2.0000000000000004e-4,5e-4,0.26,human_climate_space,5e-4,0.19569999999999999,0.002554931016862545,spatial_model_estimated,385,selected,82,12,0.001,0.2732786145073963
temporal_spd,Europe,5500,climate,0.0595,0.012300000000000005,0.0718,36.63,human_climate_space,0.0718,0.19569999999999999,0.36688809402146144,spatial_model_estimated,385,selected,82,12,0.001,0.2732786145073963
temporal_spd,Europe,5500,space,0.1109,0.012499999999999997,0.1234,62.96,human_climate_space,0.1234,0.19569999999999999,0.6305569749616761,spatial_model_estimated,385,selected,82,12,0.001,0.2732786145073963
temporal_spd,Europe,6000,human,0.0154,7.999999999999986e-4,0.0162,9.64,human_climate_space,0.0162,0.1683,0.0962566844919786,spatial_model_estimated,387,selected,81,5,0.001,0.2302314591110951
temporal_spd,Europe,6000,climate,0.0541,0.011199999999999995,0.0653,38.87,human_climate_space,0.0653,0.1683,0.3879976232917409,spatial_model_estimated,387,selected,81,5,0.001,0.2302314591110951
temporal_spd,Europe,6000,space,0.0852,0.0016000000000000042,0.0868,51.67,human_climate_space,0.0868,0.1683,0.5157456922162804,spatial_model_estimated,387,selected,81,5,0.001,0.2302314591110951
temporal_spd,Europe,6500,human,0.0242,0.008,0.0322,18.72,human_climate_space,0.0322,0.1721,0.1871005229517722,spatial_model_estimated,380,selected,80,7,0.001,0.2661693972724397
temporal_spd,Europe,6500,climate,0.031,0.015100000000000002,0.0461,26.8,human_climate_space,0.0461,0.1721,0.26786751888436955,spatial_model_estimated,380,selected,80,7,0.001,0.2661693972724397
temporal_spd,Europe,6500,space,0.0909,0.0029,0.0938,54.53,human_climate_space,0.0938,0.1721,0.5450319581638582,spatial_model_estimated,380,selected,80,7,0.001,0.2661693972724397
temporal_spd,Europe,7000,human,0.0103,0.0068000000000000005,0.0171,11.03,human_climate_space,0.0171,0.1549,0.1103938024531956,spatial_model_estimated,388,selected,83,4,0.001,0.2467024395689177
temporal_spd,Europe,7000,climate,0.0409,0.013900000000000003,0.0548,35.35,human_climate_space,0.0548,0.1549,0.3537766300839251,spatial_model_estimated,388,selected,83,4,0.001,0.2467024395689177
temporal_spd,Europe,7000,space,0.075,0.008000000000000007,0.083,53.55,human_climate_space,0.083,0.1549,0.5358295674628792,spatial_model_estimated,388,selected,83,4,0.001,0.2467024395689177
temporal_spd,Europe,7500,human,0.0394,0.009600000000000004,0.049,27.07,human_climate_space,0.049,0.18109999999999998,0.2705687465488681,spatial_model_estimated,383,selected,80,6,0.001,0.2287295815518734
temporal_spd,Europe,7500,climate,0.0511,0.0104,0.0615,33.98,human_climate_space,0.0615,0.18109999999999998,0.3395913859745997,spatial_model_estimated,383,selected,80,6,0.001,0.2287295815518734
temporal_spd,Europe,7500,space,0.0649,0.005699999999999997,0.0706,39.01,human_climate_space,0.0706,0.18109999999999998,0.3898398674765323,spatial_model_estimated,383,selected,80,6,0.001,0.2287295815518734
temporal_spd,Europe,8000,human,0.008,0.003299999999999999,0.0113,6.98,human_climate_space,0.0113,0.1618,0.06983930778739184,spatial_model_estimated,376,selected,78,6,0.001,0.19934820838210798
temporal_spd,Europe,8000,climate,0.0726,0.0020000000000000018,0.0746,46.05,human_climate_space,0.0746,0.1618,0.4610630407911001,spatial_model_estimated,376,selected,78,6,0.001,0.19934820838210798
temporal_spd,Europe,8000,space,0.0674,0.008499999999999994,0.0759,46.85,human_climate_space,0.0759,0.1618,0.469097651421508,spatial_model_estimated,376,selected,78,6,0.001,0.19934820838210798
temporal_spd,Europe,8500,human,0.0027,0.0061,0.0088,5.79,human_climate_space,0.0088,0.1515,0.058085808580858093,spatial_model_estimated,359,selected,75,4,0.001,0.22154680844507613
temporal_spd,Europe,8500,climate,0.0625,0.0063,0.0688,45.26,human_climate_space,0.0688,0.1515,0.45412541254125416,spatial_model_estimated,359,selected,75,4,0.001,0.22154680844507613
temporal_spd,Europe,8500,space,0.0743,-4.0000000000001146e-4,0.0739,48.62,human_climate_space,0.0739,0.1515,0.48778877887788774,spatial_model_estimated,359,selected,75,4,0.001,0.22154680844507613
temporal_spd,Latin America,2000,human,8e-4,0.003999999999999999,0.0048,2.86,human_climate_space,0.0048,0.16820000000000002,0.028537455410225916,spatial_model_estimated,87,selected,11,1,0.005,0.09639641289073075
temporal_spd,Latin America,2000,climate,0.1257,0.014899999999999997,0.1406,83.69,human_climate_space,0.1406,0.16820000000000002,0.8359096313912009,spatial_model_estimated,87,selected,11,1,0.005,0.09639641289073075
temporal_spd,Latin America,2000,space,0.0156,0.0072000000000000015,0.0228,13.57,human_climate_space,0.0228,0.16820000000000002,0.13555291319857313,spatial_model_estimated,87,selected,11,1,0.005,0.09639641289073075
temporal_spd,Latin America,2500,human,0.0054,0.0043,0.0097,5.36,human_climate_space,0.0097,0.1813,0.05350248207391065,spatial_model_estimated,87,selected,11,1,0.002,0.12634554493061922
temporal_spd,Latin America,2500,climate,0.1261,0.014800000000000008,0.1409,77.85,human_climate_space,0.1409,0.1813,0.7771649200220629,spatial_model_estimated,87,selected,11,1,0.002,0.12634554493061922
temporal_spd,Latin America,2500,space,0.0288,0.0019000000000000024,0.0307,16.96,human_climate_space,0.0307,0.1813,0.1693325979040265,spatial_model_estimated,87,selected,11,1,0.002,0.12634554493061922
temporal_spd,Latin America,3000,human,0.0238,-0.010500000000000002,0.0133,6.65,human_climate_space,0.0133,0.2001,0.06646676661669165,spatial_model_estimated,86,selected,11,1,0.002,0.11079776058083013
temporal_spd,Latin America,3000,climate,0.1729,-0.003599999999999992,0.1693,84.65,human_climate_space,0.1693,0.2001,0.8460769615192404,spatial_model_estimated,86,selected,11,1,0.002,0.11079776058083013
temporal_spd,Latin America,3000,space,0.0201,-0.002599999999999998,0.0175,8.75,human_climate_space,0.0175,0.2001,0.08745627186406797,spatial_model_estimated,86,selected,11,1,0.002,0.11079776058083013
temporal_spd,Latin America,3500,human,0.0246,-0.011600000000000001,0.013,6.37,human_climate_space,0.013,0.2041,0.06369426751592357,no_spatial_terms_selected,84,no_spatial_signal,13,0,0.064,0.05789044625668005
temporal_spd,Latin America,3500,climate,0.2027,-0.0116,0.1911,93.68,human_climate_space,0.1911,0.2041,0.9363057324840763,no_spatial_terms_selected,84,no_spatial_signal,13,0,0.064,0.05789044625668005
temporal_spd,Latin America,3500,space,NA,NA,0,NA,human_climate_space,0,0.2041,0,no_spatial_terms_selected,84,no_spatial_signal,13,0,0.064,0.05789044625668005
temporal_spd,Latin America,4000,human,0.0407,-0.0133,0.0274,12.29,human_climate_space,0.0274,0.2228,0.1229802513464991,spatial_model_estimated,85,selected,11,1,0.014,0.07525616368080223
temporal_spd,Latin America,4000,climate,0.2092,-0.015399999999999997,0.1938,86.91,human_climate_space,0.1938,0.2228,0.86983842010772,spatial_model_estimated,85,selected,11,1,0.014,0.07525616368080223
temporal_spd,Latin America,4000,space,0.0044,-0.0028000000000000004,0.0016,0.72,human_climate_space,0.0016,0.2228,0.00718132854578097,spatial_model_estimated,85,selected,11,1,0.014,0.07525616368080223
temporal_spd,Latin America,4500,human,0.0212,-0.005500000000000001,0.0157,7.97,human_climate_space,0.0157,0.1973,0.07957425240750125,no_spatial_terms_selected,87,no_terms_selected,11,0,0.025,0.07198887476530846
temporal_spd,Latin America,4500,climate,0.187,-0.005399999999999988,0.1816,92.18,human_climate_space,0.1816,0.1973,0.9204257475924987,no_spatial_terms_selected,87,no_terms_selected,11,0,0.025,0.07198887476530846
temporal_spd,Latin America,4500,space,NA,NA,0,NA,human_climate_space,0,0.1973,0,no_spatial_terms_selected,87,no_terms_selected,11,0,0.025,0.07198887476530846
temporal_spd,Latin America,5000,human,0.0213,-0.0022000000000000006,0.0191,8.13,human_climate_space,0.0191,0.2347,0.08138048572645931,spatial_model_estimated,84,selected,11,1,0.003,0.10861939138359433
temporal_spd,Latin America,5000,climate,0.1125,0.029399999999999996,0.1419,60.38,human_climate_space,0.1419,0.2347,0.6046016190881978,spatial_model_estimated,84,selected,11,1,0.003,0.10861939138359433
temporal_spd,Latin America,5000,space,0.0307,0.043,0.0737,31.36,human_climate_space,0.0737,0.2347,0.314017895185343,spatial_model_estimated,84,selected,11,1,0.003,0.10861939138359433
temporal_spd,Latin America,5500,human,0.012,-0.0026,0.0094,5.7,human_climate_space,0.0094,0.16519999999999999,0.05690072639225182,no_spatial_terms_selected,86,no_terms_selected,11,0,0.001,0.11214519897940323
temporal_spd,Latin America,5500,climate,0.1583,-0.0025000000000000022,0.1558,94.42,human_climate_space,0.1558,0.16519999999999999,0.9430992736077483,no_spatial_terms_selected,86,no_terms_selected,11,0,0.001,0.11214519897940323
temporal_spd,Latin America,5500,space,NA,NA,0,NA,human_climate_space,0,0.16519999999999999,0,no_spatial_terms_selected,86,no_terms_selected,11,0,0.001,0.11214519897940323
temporal_spd,Latin America,6000,human,0.0151,-0.005600000000000001,0.0095,5.59,human_climate_space,0.0095,0.1698,0.05594817432273262,no_spatial_terms_selected,82,no_terms_selected,11,0,0.007,0.08983727834209443
temporal_spd,Latin America,6000,climate,0.1659,-0.005599999999999994,0.1603,94.29,human_climate_space,0.1603,0.1698,0.9440518256772673,no_spatial_terms_selected,82,no_terms_selected,11,0,0.007,0.08983727834209443
temporal_spd,Latin America,6000,space,NA,NA,0,NA,human_climate_space,0,0.1698,0,no_spatial_terms_selected,82,no_terms_selected,11,0,0.007,0.08983727834209443
temporal_spd,Latin America,6500,human,-0.0045,9.99999999999994e-5,-0.0044,-2.77,human_climate_space,0,0.163,0,no_spatial_terms_selected,82,no_terms_selected,11,0,0.037,0.05641703532903186
temporal_spd,Latin America,6500,climate,0.1629,1.0000000000001674e-4,0.163,102.52,human_climate_space,0.163,0.163,1,no_spatial_terms_selected,82,no_terms_selected,11,0,0.037,0.05641703532903186
temporal_spd,Latin America,6500,space,NA,NA,0,NA,human_climate_space,0,0.163,0,no_spatial_terms_selected,82,no_terms_selected,11,0,0.037,0.05641703532903186
temporal_spd,Latin America,7000,human,0.0025,0.0039000000000000003,0.0064,5,human_climate_space,0.0064,0.1284,0.049844236760124616,no_spatial_terms_selected,81,no_spatial_signal,11,0,0.051,0.06224299222130958
temporal_spd,Latin America,7000,climate,0.1181,0.0039000000000000007,0.122,95.31,human_climate_space,0.122,0.1284,0.9501557632398755,no_spatial_terms_selected,81,no_spatial_signal,11,0,0.051,0.06224299222130958
temporal_spd,Latin America,7000,space,NA,NA,0,NA,human_climate_space,0,0.1284,0,no_spatial_terms_selected,81,no_spatial_signal,11,0,0.051,0.06224299222130958
temporal_spd,Latin America,7500,human,0.0019,-0.0022,-3e-4,-0.18,human_climate_space,0,0.16949999999999998,0,spatial_model_estimated,81,selected,10,1,0.038,0.059329332049005035
temporal_spd,Latin America,7500,climate,0.1013,0.021199999999999997,0.1225,72.49,human_climate_space,0.1225,0.16949999999999998,0.7227138643067847,spatial_model_estimated,81,selected,10,1,0.038,0.059329332049005035
temporal_spd,Latin America,7500,space,0.0243,0.0227,0.047,27.81,human_climate_space,0.047,0.16949999999999998,0.27728613569321536,spatial_model_estimated,81,selected,10,1,0.038,0.059329332049005035
temporal_spd,Latin America,8000,human,0.0591,-0.007899999999999997,0.0512,29.6,human_climate_space,0.0512,0.1728,0.2962962962962963,no_spatial_terms_selected,74,no_spatial_signal,9,0,0.364,0.0068680733930570614
temporal_spd,Latin America,8000,climate,0.1295,-0.007900000000000004,0.1216,70.29,human_climate_space,0.1216,0.1728,0.7037037037037037,no_spatial_terms_selected,74,no_spatial_signal,9,0,0.364,0.0068680733930570614
temporal_spd,Latin America,8000,space,NA,NA,0,NA,human_climate_space,0,0.1728,0,no_spatial_terms_selected,74,no_spatial_signal,9,0,0.364,0.0068680733930570614
temporal_spd,Latin America,8500,human,0.0151,-0.005300000000000001,0.0098,5.66,human_climate_space,0.0098,0.17329999999999998,0.05654933641084824,spatial_model_estimated,71,selected,10,1,0.008,0.097570280731759
temporal_spd,Latin America,8500,climate,0.0683,0.026999999999999996,0.0953,55.09,human_climate_space,0.0953,0.17329999999999998,0.5499134448932488,spatial_model_estimated,71,selected,10,1,0.008,0.097570280731759
temporal_spd,Latin America,8500,space,0.0362,0.031999999999999994,0.0682,39.42,human_climate_space,0.0682,0.17329999999999998,0.3935372186959031,spatial_model_estimated,71,selected,10,1,0.008,0.097570280731759
temporal_spd,North America,2000,human,-2e-4,0.004,0.0038,1.9,human_climate_space,0.0038,0.20010000000000003,0.018990504747626185,spatial_model_estimated,540,selected,133,6,0.001,0.2208455168826069
temporal_spd,North America,2000,climate,0.017,0.0398,0.0568,28.4,human_climate_space,0.0568,0.20010000000000003,0.2838580709645177,spatial_model_estimated,540,selected,133,6,0.001,0.2208455168826069
temporal_spd,North America,2000,space,0.1001,0.03940000000000002,0.1395,69.75,human_climate_space,0.1395,0.20010000000000003,0.697151424287856,spatial_model_estimated,540,selected,133,6,0.001,0.2208455168826069
temporal_spd,North America,2500,human,0.0051,0.0016999999999999993,0.0068,3.13,human_climate_space,0.0068,0.2171,0.03132197144173192,spatial_model_estimated,534,selected,132,5,0.001,0.22730927402228984
temporal_spd,North America,2500,climate,0.0199,0.0399,0.0598,27.56,human_climate_space,0.0598,0.2171,0.2754491017964072,spatial_model_estimated,534,selected,132,5,0.001,0.22730927402228984
temporal_spd,North America,2500,space,0.1096,0.04089999999999999,0.1505,69.35,human_climate_space,0.1505,0.2171,0.6932289267618609,spatial_model_estimated,534,selected,132,5,0.001,0.22730927402228984
temporal_spd,North America,3000,human,0.0031,0.0026999999999999997,0.0058,2.82,human_climate_space,0.0058,0.206,0.02815533980582524,spatial_model_estimated,533,selected,130,7,0.001,0.21828199622717637
temporal_spd,North America,3000,climate,0.0175,0.041499999999999995,0.059,28.64,human_climate_space,0.059,0.206,0.28640776699029125,spatial_model_estimated,533,selected,130,7,0.001,0.21828199622717637
temporal_spd,North America,3000,space,0.0967,0.0445,0.1412,68.54,human_climate_space,0.1412,0.206,0.6854368932038835,spatial_model_estimated,533,selected,130,7,0.001,0.21828199622717637
temporal_spd,North America,3500,human,0.0015,0.0015,0.003,1.53,human_climate_space,0.003,0.196,0.015306122448979591,spatial_model_estimated,537,selected,132,4,0.001,0.2338355110874697
temporal_spd,North America,3500,climate,0.0193,0.040499999999999994,0.0598,30.51,human_climate_space,0.0598,0.196,0.3051020408163265,spatial_model_estimated,537,selected,132,4,0.001,0.2338355110874697
temporal_spd,North America,3500,space,0.0928,0.04040000000000002,0.1332,67.96,human_climate_space,0.1332,0.196,0.6795918367346939,spatial_model_estimated,537,selected,132,4,0.001,0.2338355110874697
temporal_spd,North America,4000,human,0.0043,0.0034999999999999996,0.0078,4.29,human_climate_space,0.0078,0.1824,0.042763157894736836,spatial_model_estimated,545,selected,135,4,0.001,0.21964185606576692
temporal_spd,North America,4000,climate,0.0153,0.036699999999999997,0.052,28.57,human_climate_space,0.052,0.1824,0.2850877192982456,spatial_model_estimated,545,selected,135,4,0.001,0.21964185606576692
temporal_spd,North America,4000,space,0.0844,0.0382,0.1226,67.36,human_climate_space,0.1226,0.1824,0.6721491228070176,spatial_model_estimated,545,selected,135,4,0.001,0.21964185606576692
temporal_spd,North America,4500,human,0.0065,0.0015000000000000005,0.008,3.83,human_climate_space,0.008,0.20850000000000002,0.03836930455635491,spatial_model_estimated,541,selected,133,5,0.001,0.22562409408038864
temporal_spd,North America,4500,climate,0.0157,0.0407,0.0564,26.99,human_climate_space,0.0564,0.20850000000000002,0.27050359712230215,spatial_model_estimated,541,selected,133,5,0.001,0.22562409408038864
temporal_spd,North America,4500,space,0.102,0.04210000000000001,0.1441,68.95,human_climate_space,0.1441,0.20850000000000002,0.6911270983213429,spatial_model_estimated,541,selected,133,5,0.001,0.22562409408038864
temporal_spd,North America,5000,human,0.0024,0.0020000000000000005,0.0044,2.42,human_climate_space,0.0044,0.1815,0.024242424242424246,spatial_model_estimated,539,selected,132,4,0.001,0.1994840112991525
temporal_spd,North America,5000,climate,0.0185,0.0406,0.0591,32.47,human_climate_space,0.0591,0.1815,0.3256198347107438,spatial_model_estimated,539,selected,132,4,0.001,0.1994840112991525
temporal_spd,North America,5000,space,0.0746,0.043399999999999994,0.118,64.84,human_climate_space,0.118,0.1815,0.650137741046832,spatial_model_estimated,539,selected,132,4,0.001,0.1994840112991525
temporal_spd,North America,5500,human,0.0089,0.0011000000000000003,0.01,4.88,human_climate_space,0.01,0.2051,0.04875670404680644,spatial_model_estimated,544,selected,135,7,0.001,0.2036895434659478
temporal_spd,North America,5500,climate,0.0194,0.0331,0.0525,25.61,human_climate_space,0.0525,0.2051,0.25597269624573377,spatial_model_estimated,544,selected,135,7,0.001,0.2036895434659478
temporal_spd,North America,5500,space,0.10780000000000001,0.0348,0.1426,69.56,human_climate_space,0.1426,0.2051,0.6952705997074597,spatial_model_estimated,544,selected,135,7,0.001,0.2036895434659478
temporal_spd,North America,6000,human,0.0121,5.000000000000004e-4,0.0126,6.18,human_climate_space,0.0126,0.2044,0.06164383561643836,spatial_model_estimated,535,selected,133,7,0.001,0.2204126235551338
temporal_spd,North America,6000,climate,0.0237,0.0335,0.0572,28.04,human_climate_space,0.0572,0.2044,0.27984344422700586,spatial_model_estimated,535,selected,133,7,0.001,0.2204126235551338
temporal_spd,North America,6000,space,0.1016,0.033,0.1346,65.98,human_climate_space,0.1346,0.2044,0.6585127201565558,spatial_model_estimated,535,selected,133,7,0.001,0.2204126235551338
temporal_spd,North America,6500,human,0.0078,8.000000000000004e-4,0.0086,3.91,human_climate_space,0.0086,0.2198,0.039126478616924476,spatial_model_estimated,543,selected,135,8,0.001,0.20844276610330803
temporal_spd,North America,6500,climate,0.0196,0.0396,0.0592,26.91,human_climate_space,0.0592,0.2198,0.26933575978161967,spatial_model_estimated,543,selected,135,8,0.001,0.20844276610330803
temporal_spd,North America,6500,space,0.1116,0.04039999999999999,0.152,69.09,human_climate_space,0.152,0.2198,0.6915377616014559,spatial_model_estimated,543,selected,135,8,0.001,0.20844276610330803
temporal_spd,North America,7000,human,0.0094,0.001599999999999999,0.011,5.02,human_climate_space,0.011,0.2186,0.05032021957913998,spatial_model_estimated,540,selected,134,9,0.001,0.21951775490079084
temporal_spd,North America,7000,climate,0.0279,0.0342,0.0621,28.36,human_climate_space,0.0621,0.2186,0.28408051235132664,spatial_model_estimated,540,selected,134,9,0.001,0.21951775490079084
temporal_spd,North America,7000,space,0.1108,0.034699999999999995,0.1455,66.44,human_climate_space,0.1455,0.2186,0.6655992680695334,spatial_model_estimated,540,selected,134,9,0.001,0.21951775490079084
temporal_spd,North America,7500,human,0.0092,0.0017000000000000001,0.0109,6.09,human_climate_space,0.0109,0.17909999999999998,0.06085985482970408,spatial_model_estimated,542,selected,136,5,0.001,0.20425910525454116
temporal_spd,North America,7500,climate,0.0304,0.028,0.0584,32.63,human_climate_space,0.0584,0.17909999999999998,0.3260748185371301,spatial_model_estimated,542,selected,136,5,0.001,0.20425910525454116
temporal_spd,North America,7500,space,0.0802,0.0296,0.1098,61.34,human_climate_space,0.1098,0.17909999999999998,0.6130653266331658,spatial_model_estimated,542,selected,136,5,0.001,0.20425910525454116
temporal_spd,North America,8000,human,0.0088,0,0.0088,4.51,human_climate_space,0.0088,0.1953,0.04505888376856119,spatial_model_estimated,532,selected,131,9,0.001,0.19508751765231414
temporal_spd,North America,8000,climate,0.0383,0.0329,0.0712,36.51,human_climate_space,0.0712,0.1953,0.3645673323092678,spatial_model_estimated,532,selected,131,9,0.001,0.19508751765231414
temporal_spd,North America,8000,space,0.0831,0.032200000000000006,0.1153,59.13,human_climate_space,0.1153,0.1953,0.590373783922171,spatial_model_estimated,532,selected,131,9,0.001,0.19508751765231414
temporal_spd,North America,8500,human,0.001,0.0027,0.0037,1.81,human_climate_space,0.0037,0.20400000000000001,0.018137254901960782,spatial_model_estimated,523,selected,129,7,0.001,0.20593013187773224
temporal_spd,North America,8500,climate,0.0254,0.03730000000000001,0.0627,30.74,human_climate_space,0.0627,0.20400000000000001,0.3073529411764706,spatial_model_estimated,523,selected,129,7,0.001,0.20593013187773224
temporal_spd,North America,8500,space,0.1003,0.0373,0.1376,67.45,human_climate_space,0.1376,0.20400000000000001,0.6745098039215686,spatial_model_estimated,523,selected,129,7,0.001,0.20593013187773224
temporal_spd,Oceania,2000,human,0.0088,0.014399999999999998,0.0232,72.5,human_climate_space,0.0232,0.0315,0.7365079365079364,no_spatial_terms_selected,46,no_terms_selected,5,0,0.025,0.07916033199580763
temporal_spd,Oceania,2000,climate,-0.006,0.0143,0.0083,25.94,human_climate_space,0.0083,0.0315,0.2634920634920635,no_spatial_terms_selected,46,no_terms_selected,5,0,0.025,0.07916033199580763
temporal_spd,Oceania,2000,space,NA,NA,0,NA,human_climate_space,0,0.0315,0,no_spatial_terms_selected,46,no_terms_selected,5,0,0.025,0.07916033199580763
temporal_spd,Oceania,2500,human,0.003,0.0064,0.0094,13.24,human_climate_space,0.0094,0.07050000000000001,0.13333333333333333,no_spatial_terms_selected,45,no_terms_selected,5,0,0.033,0.06808001731440505
temporal_spd,Oceania,2500,climate,0.0547,0.006400000000000003,0.0611,86.06,human_climate_space,0.0611,0.07050000000000001,0.8666666666666666,no_spatial_terms_selected,45,no_terms_selected,5,0,0.033,0.06808001731440505
temporal_spd,Oceania,2500,space,NA,NA,0,NA,human_climate_space,0,0.07050000000000001,0,no_spatial_terms_selected,45,no_terms_selected,5,0,0.033,0.06808001731440505
temporal_spd,Oceania,3000,human,0.0225,0.005000000000000001,0.0275,19.23,human_climate_space,0.0275,0.1429,0.19244226731980407,no_spatial_terms_selected,47,no_terms_selected,5,0,0.035,0.06662111463053977
temporal_spd,Oceania,3000,climate,0.1105,0.004900000000000002,0.1154,80.7,human_climate_space,0.1154,0.1429,0.8075577326801959,no_spatial_terms_selected,47,no_terms_selected,5,0,0.035,0.06662111463053977
temporal_spd,Oceania,3000,space,NA,NA,0,NA,human_climate_space,0,0.1429,0,no_spatial_terms_selected,47,no_terms_selected,5,0,0.035,0.06662111463053977
temporal_spd,Oceania,3500,human,0.0258,-5.999999999999998e-4,0.0252,15.09,human_climate_space,0.0252,0.1671,0.15080789946140036,spatial_model_estimated,46,selected,5,1,0.01,0.09472077659435851
temporal_spd,Oceania,3500,climate,0.1573,-0.018699999999999994,0.1386,82.99,human_climate_space,0.1386,0.1671,0.829443447037702,spatial_model_estimated,46,selected,5,1,0.01,0.09472077659435851
temporal_spd,Oceania,3500,space,0.0244,-0.0211,0.0033,1.98,human_climate_space,0.0033,0.1671,0.019748653500897665,spatial_model_estimated,46,selected,5,1,0.01,0.09472077659435851
temporal_spd,Oceania,4000,human,-2e-4,0.0073999999999999995,0.0072,8.78,human_climate_space,0.0072,0.0822,0.08759124087591241,no_spatial_terms_selected,47,no_terms_selected,5,0,0.017,0.08438670241344126
temporal_spd,Oceania,4000,climate,0.0676,0.007400000000000004,0.075,91.46,human_climate_space,0.075,0.0822,0.9124087591240876,no_spatial_terms_selected,47,no_terms_selected,5,0,0.017,0.08438670241344126
temporal_spd,Oceania,4000,space,NA,NA,0,NA,human_climate_space,0,0.0822,0,no_spatial_terms_selected,47,no_terms_selected,5,0,0.017,0.08438670241344126
temporal_spd,Oceania,4500,human,4e-4,0.0052,0.0056,4.06,human_climate_space,0.0056,0.1377,0.040668119099491654,spatial_model_estimated,47,selected,5,1,0.015,0.09034974818315511
temporal_spd,Oceania,4500,climate,0.1283,-0.001799999999999996,0.1265,91.67,human_climate_space,0.1265,0.1377,0.9186637618010168,spatial_model_estimated,47,selected,5,1,0.015,0.09034974818315511
temporal_spd,Oceania,4500,space,0.0144,-0.008799999999999999,0.0056,4.06,human_climate_space,0.0056,0.1377,0.040668119099491654,spatial_model_estimated,47,selected,5,1,0.015,0.09034974818315511
temporal_spd,Oceania,5000,human,-0.0093,0.0109,0.0016,2.46,human_climate_space,0.0016,0.065,0.024615384615384615,no_spatial_terms_selected,47,no_spatial_signal,5,0,0.073,0.05164046461194194
temporal_spd,Oceania,5000,climate,0.0525,0.0109,0.0634,97.54,human_climate_space,0.0634,0.065,0.9753846153846153,no_spatial_terms_selected,47,no_spatial_signal,5,0,0.073,0.05164046461194194
temporal_spd,Oceania,5000,space,NA,NA,0,NA,human_climate_space,0,0.065,0,no_spatial_terms_selected,47,no_spatial_signal,5,0,0.073,0.05164046461194194
temporal_spd,Oceania,5500,human,-6e-4,0.0063999999999999994,0.0058,9.06,human_climate_space,0.0058,0.0643,0.09020217729393468,no_spatial_terms_selected,46,no_spatial_signal,5,0,0.157,0.03502088499984546
temporal_spd,Oceania,5500,climate,0.052,0.006500000000000006,0.0585,91.41,human_climate_space,0.0585,0.0643,0.9097978227060655,no_spatial_terms_selected,46,no_spatial_signal,5,0,0.157,0.03502088499984546
temporal_spd,Oceania,5500,space,NA,NA,0,NA,human_climate_space,0,0.0643,0,no_spatial_terms_selected,46,no_spatial_signal,5,0,0.157,0.03502088499984546
temporal_spd,Oceania,6000,human,-0.0025,0.0012000000000000001,-0.0013,-1.91,human_climate_space,0,0.0688,0,no_spatial_terms_selected,45,no_spatial_signal,5,0,0.098,0.05184354224025578
temporal_spd,Oceania,6000,climate,0.0676,0.0012000000000000066,0.0688,101.18,human_climate_space,0.0688,0.0688,1,no_spatial_terms_selected,45,no_spatial_signal,5,0,0.098,0.05184354224025578
temporal_spd,Oceania,6000,space,NA,NA,0,NA,human_climate_space,0,0.0688,0,no_spatial_terms_selected,45,no_spatial_signal,5,0,0.098,0.05184354224025578
temporal_spd,Oceania,6500,human,-0.0143,0.0019000000000000006,-0.0124,-16.76,human_climate_space,0,0.0866,0,no_spatial_terms_selected,43,no_spatial_signal,7,0,0.056,0.08401913166316233
temporal_spd,Oceania,6500,climate,0.0847,0.001899999999999999,0.0866,117.03,human_climate_space,0.0866,0.0866,1,no_spatial_terms_selected,43,no_spatial_signal,7,0,0.056,0.08401913166316233
temporal_spd,Oceania,6500,space,NA,NA,0,NA,human_climate_space,0,0.0866,0,no_spatial_terms_selected,43,no_spatial_signal,7,0,0.056,0.08401913166316233
temporal_spd,Oceania,7000,human,-0.0166,0.0028000000000000004,-0.0138,197.14,human_climate_space,0,0.0066,0,no_spatial_terms_selected,42,no_terms_selected,5,0,0.005,0.1167411825448168
temporal_spd,Oceania,7000,climate,0.0038,0.0028,0.0066,-94.29,human_climate_space,0.0066,0.0066,1,no_spatial_terms_selected,42,no_terms_selected,5,0,0.005,0.1167411825448168
temporal_spd,Oceania,7000,space,NA,NA,0,NA,human_climate_space,0,0.0066,0,no_spatial_terms_selected,42,no_terms_selected,5,0,0.005,0.1167411825448168
temporal_spd,Oceania,7500,human,-0.0169,0.0019999999999999983,-0.0149,-53.21,human_climate_space,0,0.0432,0,no_spatial_terms_selected,42,no_terms_selected,5,0,0.015,0.100484507686732
temporal_spd,Oceania,7500,climate,0.0412,0.0020000000000000018,0.0432,154.29,human_climate_space,0.0432,0.0432,1,no_spatial_terms_selected,42,no_terms_selected,5,0,0.015,0.100484507686732
temporal_spd,Oceania,7500,space,NA,NA,0,NA,human_climate_space,0,0.0432,0,no_spatial_terms_selected,42,no_terms_selected,5,0,0.015,0.100484507686732
temporal_spd,Oceania,8000,human,-0.0015,0.0023,8e-4,1.33,human_climate_space,8e-4,0.0601,0.013311148086522463,no_spatial_terms_selected,40,no_terms_selected,7,0,0.019,0.12824914481827188
temporal_spd,Oceania,8000,climate,0.057,0.0022999999999999965,0.0593,98.83,human_climate_space,0.0593,0.0601,0.9866888519134775,no_spatial_terms_selected,40,no_terms_selected,7,0,0.019,0.12824914481827188
temporal_spd,Oceania,8000,space,NA,NA,0,NA,human_climate_space,0,0.0601,0,no_spatial_terms_selected,40,no_terms_selected,7,0,0.019,0.12824914481827188
temporal_spd,Oceania,8500,human,-0.008,0.007,-0.001,-0.93,human_climate_space,0,0.1079,0,spatial_model_estimated,39,selected,6,1,0.031,0.10378179454446046
temporal_spd,Oceania,8500,climate,0.0393,0.0167,0.056,52.34,human_climate_space,0.056,0.1079,0.5189990732159407,spatial_model_estimated,39,selected,6,1,0.031,0.10378179454446046
temporal_spd,Oceania,8500,space,0.0381,0.0138,0.0519,48.5,human_climate_space,0.0519,0.1079,0.48100092678405937,spatial_model_estimated,39,selected,6,1,0.031,0.10378179454446046
temporal_events,Asia,500,human,0.0419,0.022700000000000005,0.0646,47.5,human_climate_space,0.0646,0.13640000000000002,0.4736070381231671,no_spatial_terms_selected,110,no_terms_selected,25,0,0.015,0.08688583053723042
temporal_events,Asia,500,climate,0.0491,0.022700000000000005,0.0718,52.79,human_climate_space,0.0718,0.13640000000000002,0.5263929618768328,no_spatial_terms_selected,110,no_terms_selected,25,0,0.015,0.08688583053723042
temporal_events,Asia,500,space,NA,NA,0,NA,human_climate_space,0,0.13640000000000002,0,no_spatial_terms_selected,110,no_terms_selected,25,0,0.015,0.08688583053723042
temporal_events,Asia,1000,human,0.0297,0.018399999999999996,0.0481,37.87,human_climate_space,0.0481,0.1268,0.37933753943217663,spatial_model_estimated,156,selected,35,1,0.001,0.1247380705295057
temporal_events,Asia,1000,climate,0.0265,0.015799999999999998,0.0423,33.31,human_climate_space,0.0423,0.1268,0.333596214511041,spatial_model_estimated,156,selected,35,1,0.001,0.1247380705295057
temporal_events,Asia,1000,space,0.0327,0.003700000000000002,0.0364,28.66,human_climate_space,0.0364,0.1268,0.2870662460567824,spatial_model_estimated,156,selected,35,1,0.001,0.1247380705295057
temporal_events,Asia,1500,human,0.0388,0.018099999999999998,0.0569,55.24,human_climate_space,0.0569,0.1033,0.5508228460793804,no_spatial_terms_selected,171,no_terms_selected,41,0,0.001,0.1118180727644722
temporal_events,Asia,1500,climate,0.0283,0.018099999999999998,0.0464,45.05,human_climate_space,0.0464,0.1033,0.4491771539206195,no_spatial_terms_selected,171,no_terms_selected,41,0,0.001,0.1118180727644722
temporal_events,Asia,1500,space,NA,NA,0,NA,human_climate_space,0,0.1033,0,no_spatial_terms_selected,171,no_terms_selected,41,0,0.001,0.1118180727644722
temporal_events,Asia,2000,human,0.0425,0.015,0.0575,51.34,human_climate_space,0.0575,0.11180000000000001,0.5143112701252236,no_spatial_terms_selected,174,no_terms_selected,42,0,0.001,0.12028397065317908
temporal_events,Asia,2000,climate,0.0393,0.015,0.0543,48.48,human_climate_space,0.0543,0.11180000000000001,0.48568872987477635,no_spatial_terms_selected,174,no_terms_selected,42,0,0.001,0.12028397065317908
temporal_events,Asia,2000,space,NA,NA,0,NA,human_climate_space,0,0.11180000000000001,0,no_spatial_terms_selected,174,no_terms_selected,42,0,0.001,0.12028397065317908
temporal_events,Asia,2500,human,0.024,0.018099999999999998,0.0421,28.45,human_climate_space,0.0421,0.1483,0.28388401888064735,spatial_model_estimated,171,selected,40,1,0.001,0.13072044848139297
temporal_events,Asia,2500,climate,0.0528,0.015600000000000003,0.0684,46.22,human_climate_space,0.0684,0.1483,0.46122724207687127,spatial_model_estimated,171,selected,40,1,0.001,0.13072044848139297
temporal_events,Asia,2500,space,0.0412,-0.0034000000000000002,0.0378,25.54,human_climate_space,0.0378,0.1483,0.2548887390424815,spatial_model_estimated,171,selected,40,1,0.001,0.13072044848139297
temporal_events,Asia,3000,human,0.0324,0.012700000000000003,0.0451,39.56,human_climate_space,0.0451,0.1142,0.3949211908931699,no_spatial_terms_selected,174,no_terms_selected,41,0,0.001,0.11889413403854332
temporal_events,Asia,3000,climate,0.0564,0.012699999999999996,0.0691,60.61,human_climate_space,0.0691,0.1142,0.6050788091068301,no_spatial_terms_selected,174,no_terms_selected,41,0,0.001,0.11889413403854332
temporal_events,Asia,3000,space,NA,NA,0,NA,human_climate_space,0,0.1142,0,no_spatial_terms_selected,174,no_terms_selected,41,0,0.001,0.11889413403854332
temporal_events,Asia,3500,human,0.0085,0.0066,0.0151,15.25,human_climate_space,0.0151,0.0988,0.152834008097166,no_spatial_terms_selected,172,no_terms_selected,40,0,0.006,0.09017942414259306
temporal_events,Asia,3500,climate,0.0772,0.006499999999999992,0.0837,84.55,human_climate_space,0.0837,0.0988,0.847165991902834,no_spatial_terms_selected,172,no_terms_selected,40,0,0.006,0.09017942414259306
temporal_events,Asia,3500,space,NA,NA,0,NA,human_climate_space,0,0.0988,0,no_spatial_terms_selected,172,no_terms_selected,40,0,0.006,0.09017942414259306
temporal_events,Asia,4000,human,0.0074,0.003299999999999999,0.0107,13.54,human_climate_space,0.0107,0.0791,0.13527180783817952,no_spatial_terms_selected,174,no_terms_selected,41,0,0.002,0.10232365648815789
temporal_events,Asia,4000,climate,0.0651,0.0032999999999999974,0.0684,86.58,human_climate_space,0.0684,0.0791,0.8647281921618205,no_spatial_terms_selected,174,no_terms_selected,41,0,0.002,0.10232365648815789
temporal_events,Asia,4000,space,NA,NA,0,NA,human_climate_space,0,0.0791,0,no_spatial_terms_selected,174,no_terms_selected,41,0,0.002,0.10232365648815789
temporal_events,Asia,4500,human,0.0169,0.0032000000000000015,0.0201,14.26,human_climate_space,0.0201,0.1412,0.14235127478753543,spatial_model_estimated,171,selected,40,1,0.001,0.12621435495299993
temporal_events,Asia,4500,climate,0.0776,0.0032999999999999974,0.0809,57.38,human_climate_space,0.0809,0.1412,0.5729461756373938,spatial_model_estimated,171,selected,40,1,0.001,0.12621435495299993
temporal_events,Asia,4500,space,0.0446,-0.004400000000000001,0.0402,28.51,human_climate_space,0.0402,0.1412,0.28470254957507085,spatial_model_estimated,171,selected,40,1,0.001,0.12621435495299993
temporal_events,Asia,5000,human,0.0213,0.0028000000000000004,0.0241,18.68,human_climate_space,0.0241,0.1292,0.18653250773993807,spatial_model_estimated,174,selected,40,1,0.002,0.09633765719536314
temporal_events,Asia,5000,climate,0.0701,0.005400000000000002,0.0755,58.53,human_climate_space,0.0755,0.1292,0.5843653250773994,spatial_model_estimated,174,selected,40,1,0.002,0.09633765719536314
temporal_events,Asia,5000,space,0.0316,-0.0020000000000000018,0.0296,22.95,human_climate_space,0.0296,0.1292,0.22910216718266252,spatial_model_estimated,174,selected,40,1,0.002,0.09633765719536314
temporal_events,Asia,5500,human,0.0124,0.0017000000000000001,0.0141,10.14,human_climate_space,0.0141,0.1391,0.10136592379583033,spatial_model_estimated,173,selected,41,1,0.001,0.1238697791829454
temporal_events,Asia,5500,climate,0.0883,0.0030999999999999917,0.0914,65.76,human_climate_space,0.0914,0.1391,0.6570812365204888,spatial_model_estimated,173,selected,41,1,0.001,0.1238697791829454
temporal_events,Asia,5500,space,0.035,-0.0014000000000000054,0.0336,24.17,human_climate_space,0.0336,0.1391,0.2415528396836808,spatial_model_estimated,173,selected,41,1,0.001,0.1238697791829454
temporal_events,Asia,6000,human,0.0082,9.99999999999994e-5,0.0083,6.38,human_climate_space,0.0083,0.1302,0.06374807987711213,spatial_model_estimated,175,selected,41,1,0.006,0.07965717339775313
temporal_events,Asia,6000,climate,0.0961,3.999999999999976e-4,0.0965,74.23,human_climate_space,0.0965,0.1302,0.7411674347158218,spatial_model_estimated,175,selected,41,1,0.006,0.07965717339775313
temporal_events,Asia,6000,space,0.0275,-0.002100000000000001,0.0254,19.54,human_climate_space,0.0254,0.1302,0.19508448540706602,spatial_model_estimated,175,selected,41,1,0.006,0.07965717339775313
temporal_events,Asia,6500,human,3e-4,0.0013000000000000002,0.0016,1.47,human_climate_space,0.0016,0.10890000000000001,0.014692378328741965,no_spatial_terms_selected,163,no_spatial_signal,39,0,0.182,0.025955529857810578
temporal_events,Asia,6500,climate,0.1059,0.0014000000000000123,0.1073,98.44,human_climate_space,0.1073,0.10890000000000001,0.985307621671258,no_spatial_terms_selected,163,no_spatial_signal,39,0,0.182,0.025955529857810578
temporal_events,Asia,6500,space,NA,NA,0,NA,human_climate_space,0,0.10890000000000001,0,no_spatial_terms_selected,163,no_spatial_signal,39,0,0.182,0.025955529857810578
temporal_events,Asia,7000,human,9e-4,0.001,0.0019,1.58,human_climate_space,0.0019,0.1195,0.015899581589958158,no_spatial_terms_selected,160,no_spatial_signal,38,0,0.111,0.03574996150226184
temporal_events,Asia,7000,climate,0.1167,8.99999999999998e-4,0.1176,98,human_climate_space,0.1176,0.1195,0.9841004184100418,no_spatial_terms_selected,160,no_spatial_signal,38,0,0.111,0.03574996150226184
temporal_events,Asia,7000,space,NA,NA,0,NA,human_climate_space,0,0.1195,0,no_spatial_terms_selected,160,no_spatial_signal,38,0,0.111,0.03574996150226184
temporal_events,Asia,7500,human,0.0056,0.0024000000000000002,0.008,5.52,human_climate_space,0.008,0.1447,0.055286800276434005,no_spatial_terms_selected,153,no_spatial_signal,36,0,0.111,0.03901054053480013
temporal_events,Asia,7500,climate,0.1343,0.0023999999999999855,0.1367,94.28,human_climate_space,0.1367,0.1447,0.9447131997235659,no_spatial_terms_selected,153,no_spatial_signal,36,0,0.111,0.03901054053480013
temporal_events,Asia,7500,space,NA,NA,0,NA,human_climate_space,0,0.1447,0,no_spatial_terms_selected,153,no_spatial_signal,36,0,0.111,0.03901054053480013
temporal_events,Asia,8000,human,0.0065,8.000000000000004e-4,0.0073,3.99,human_climate_space,0.0073,0.18309999999999998,0.03986892408519935,spatial_model_estimated,150,selected,37,1,0.005,0.08976956152769155
temporal_events,Asia,8000,climate,0.1485,0.005500000000000005,0.154,84.15,human_climate_space,0.154,0.18309999999999998,0.8410704533042054,spatial_model_estimated,150,selected,37,1,0.005,0.08976956152769155
temporal_events,Asia,8000,space,0.0202,0.0016000000000000007,0.0218,11.91,human_climate_space,0.0218,0.18309999999999998,0.11906062261059532,spatial_model_estimated,150,selected,37,1,0.005,0.08976956152769155
temporal_events,Asia,8500,human,0.0065,0.0056,0.0121,6.58,human_climate_space,0.0121,0.1844,0.06561822125813449,spatial_model_estimated,138,selected,32,1,0.013,0.07760623202842976
temporal_events,Asia,8500,climate,0.1553,0.00360000000000002,0.1589,86.36,human_climate_space,0.1589,0.1844,0.8617136659436009,spatial_model_estimated,138,selected,32,1,0.013,0.07760623202842976
temporal_events,Asia,8500,space,0.0169,-0.003499999999999998,0.0134,7.28,human_climate_space,0.0134,0.1844,0.07266811279826464,spatial_model_estimated,138,selected,32,1,0.013,0.07760623202842976
temporal_events,Europe,500,human,0.0031,0.0084,0.0115,6.15,human_climate_space,0.0115,0.1869,0.06153023006955591,spatial_model_estimated,277,selected,57,7,0.001,0.2373124467214509
temporal_events,Europe,500,climate,0.06,0.006199999999999997,0.0662,35.4,human_climate_space,0.0662,0.1869,0.3542001070090957,spatial_model_estimated,277,selected,57,7,0.001,0.2373124467214509
temporal_events,Europe,500,space,0.1054,0.0038000000000000117,0.1092,58.4,human_climate_space,0.1092,0.1869,0.5842696629213483,spatial_model_estimated,277,selected,57,7,0.001,0.2373124467214509
temporal_events,Europe,1000,human,0.0078,0.009,0.0168,7.71,human_climate_space,0.0168,0.2182,0.07699358386801099,spatial_model_estimated,369,selected,77,7,0.001,0.23598590215270987
temporal_events,Europe,1000,climate,0.0523,0.028999999999999998,0.0813,37.29,human_climate_space,0.0813,0.2182,0.37259395050412464,spatial_model_estimated,369,selected,77,7,0.001,0.23598590215270987
temporal_events,Europe,1000,space,0.0943,0.025800000000000003,0.1201,55.09,human_climate_space,0.1201,0.2182,0.5504124656278643,spatial_model_estimated,369,selected,77,7,0.001,0.23598590215270987
temporal_events,Europe,1500,human,0.0119,0.006699999999999998,0.0186,8.69,human_climate_space,0.0186,0.2136,0.08707865168539325,spatial_model_estimated,386,selected,82,9,0.001,0.2413834114034653
temporal_events,Europe,1500,climate,0.0396,0.0279,0.0675,31.54,human_climate_space,0.0675,0.2136,0.3160112359550562,spatial_model_estimated,386,selected,82,9,0.001,0.2413834114034653
temporal_events,Europe,1500,space,0.0982,0.029300000000000007,0.1275,59.58,human_climate_space,0.1275,0.2136,0.5969101123595505,spatial_model_estimated,386,selected,82,9,0.001,0.2413834114034653
temporal_events,Europe,2000,human,0.0106,0.006199999999999999,0.0168,8.94,human_climate_space,0.0168,0.1881,0.08931419457735247,spatial_model_estimated,389,selected,82,7,0.001,0.22259054294921488
temporal_events,Europe,2000,climate,0.0523,0.0204,0.0727,38.67,human_climate_space,0.0727,0.1881,0.3864965443912813,spatial_model_estimated,389,selected,82,7,0.001,0.22259054294921488
temporal_events,Europe,2000,space,0.0772,0.02139999999999999,0.0986,52.45,human_climate_space,0.0986,0.1881,0.5241892610313663,spatial_model_estimated,389,selected,82,7,0.001,0.22259054294921488
temporal_events,Europe,2500,human,0.0028,0.006499999999999999,0.0093,5.41,human_climate_space,0.0093,0.1722,0.05400696864111498,spatial_model_estimated,392,selected,83,8,0.001,0.22665909649077853
temporal_events,Europe,2500,climate,0.0569,0.010299999999999997,0.0672,39.07,human_climate_space,0.0672,0.1722,0.3902439024390244,spatial_model_estimated,392,selected,83,8,0.001,0.22665909649077853
temporal_events,Europe,2500,space,0.0872,0.008499999999999994,0.0957,55.64,human_climate_space,0.0957,0.1722,0.5557491289198606,spatial_model_estimated,392,selected,83,8,0.001,0.22665909649077853
temporal_events,Europe,3000,human,0.0057,0.0025000000000000005,0.0082,5.54,human_climate_space,0.0082,0.1481,0.05536799459824443,spatial_model_estimated,387,selected,81,7,0.001,0.22305395183969356
temporal_events,Europe,3000,climate,0.0475,0.006600000000000002,0.0541,36.55,human_climate_space,0.0541,0.1481,0.3652937204591492,spatial_model_estimated,387,selected,81,7,0.001,0.22305395183969356
temporal_events,Europe,3000,space,0.0781,0.0076999999999999985,0.0858,57.97,human_climate_space,0.0858,0.1481,0.5793382849426063,spatial_model_estimated,387,selected,81,7,0.001,0.22305395183969356
temporal_events,Europe,3500,human,0.0122,5.999999999999998e-4,0.0128,6.81,human_climate_space,0.0128,0.1882,0.06801275239107332,spatial_model_estimated,382,selected,80,7,0.001,0.286341996819768
temporal_events,Europe,3500,climate,0.0711,-0.004699999999999996,0.0664,35.32,human_climate_space,0.0664,0.1882,0.35281615302869285,spatial_model_estimated,382,selected,80,7,0.001,0.286341996819768
temporal_events,Europe,3500,space,0.1122,-0.0031999999999999945,0.109,57.98,human_climate_space,0.109,0.1882,0.5791710945802337,spatial_model_estimated,382,selected,80,7,0.001,0.286341996819768
temporal_events,Europe,4000,human,0.0046,0.001,0.0056,3.06,human_climate_space,0.0056,0.1829,0.0306178239475123,spatial_model_estimated,387,selected,81,11,0.001,0.24660452807377298
temporal_events,Europe,4000,climate,0.0818,-0.0015000000000000013,0.0803,43.88,human_climate_space,0.0803,0.1829,0.4390377255330781,spatial_model_estimated,387,selected,81,11,0.001,0.24660452807377298
temporal_events,Europe,4000,space,0.0967,3.000000000000086e-4,0.097,53.01,human_climate_space,0.097,0.1829,0.5303444505194095,spatial_model_estimated,387,selected,81,11,0.001,0.24660452807377298
temporal_events,Europe,4500,human,0.0032,-1.0000000000000026e-4,0.0031,1.59,human_climate_space,0.0031,0.1954,0.01586489252814739,spatial_model_estimated,388,selected,81,10,0.001,0.2644542739554745
temporal_events,Europe,4500,climate,0.0502,0.017399999999999992,0.0676,34.67,human_climate_space,0.0676,0.1954,0.34595701125895595,spatial_model_estimated,388,selected,81,10,0.001,0.2644542739554745
temporal_events,Europe,4500,space,0.1066,0.018100000000000005,0.1247,63.95,human_climate_space,0.1247,0.1954,0.6381780962128967,spatial_model_estimated,388,selected,81,10,0.001,0.2644542739554745
temporal_events,Europe,5000,human,0.0076,4.999999999999996e-4,0.0081,4.82,human_climate_space,0.0081,0.1675,0.04835820895522387,spatial_model_estimated,382,selected,80,8,0.001,0.2509521620242223
temporal_events,Europe,5000,climate,0.0515,0.0075,0.059,35.12,human_climate_space,0.059,0.1675,0.3522388059701492,spatial_model_estimated,382,selected,80,8,0.001,0.2509521620242223
temporal_events,Europe,5000,space,0.091,0.009400000000000006,0.1004,59.76,human_climate_space,0.1004,0.1675,0.5994029850746269,spatial_model_estimated,382,selected,80,8,0.001,0.2509521620242223
temporal_events,Europe,5500,human,0.0079,-0.0032000000000000006,0.0047,2.46,human_climate_space,0.0047,0.19090000000000001,0.024620220010476687,spatial_model_estimated,385,selected,82,11,0.001,0.27489239486397443
temporal_events,Europe,5500,climate,0.0793,0.0016000000000000042,0.0809,42.36,human_climate_space,0.0809,0.19090000000000001,0.42378208486118385,spatial_model_estimated,385,selected,82,11,0.001,0.27489239486397443
temporal_events,Europe,5500,space,0.1032,0.0021000000000000046,0.1053,55.13,human_climate_space,0.1053,0.19090000000000001,0.5515976951283394,spatial_model_estimated,385,selected,82,11,0.001,0.27489239486397443
temporal_events,Europe,6000,human,0.0034,5e-4,0.0039,2.2,human_climate_space,0.0039,0.1772,0.02200902934537246,spatial_model_estimated,387,selected,81,6,0.001,0.23811935579413224
temporal_events,Europe,6000,climate,0.0565,0.010199999999999994,0.0667,37.68,human_climate_space,0.0667,0.1772,0.37641083521444696,spatial_model_estimated,387,selected,81,6,0.001,0.23811935579413224
temporal_events,Europe,6000,space,0.0945,0.0121,0.1066,60.23,human_climate_space,0.1066,0.1772,0.6015801354401806,spatial_model_estimated,387,selected,81,6,0.001,0.23811935579413224
temporal_events,Europe,6500,human,1e-4,9e-4,0.001,0.58,human_climate_space,0.001,0.172,0.005813953488372094,spatial_model_estimated,380,selected,80,8,0.001,0.2757537960201576
temporal_events,Europe,6500,climate,0.0325,0.0165,0.049,28.49,human_climate_space,0.049,0.172,0.28488372093023256,spatial_model_estimated,380,selected,80,8,0.001,0.2757537960201576
temporal_events,Europe,6500,space,0.1041,0.0179,0.122,70.93,human_climate_space,0.122,0.172,0.7093023255813954,spatial_model_estimated,380,selected,80,8,0.001,0.2757537960201576
temporal_events,Europe,7000,human,0.0086,5.999999999999998e-4,0.0092,5.38,human_climate_space,0.0092,0.1714,0.05367561260210035,spatial_model_estimated,388,selected,83,5,0.001,0.2531575480880005
temporal_events,Europe,7000,climate,0.0494,0.011799999999999998,0.0612,35.79,human_climate_space,0.0612,0.1714,0.3570595099183197,spatial_model_estimated,388,selected,83,5,0.001,0.2531575480880005
temporal_events,Europe,7000,space,0.0884,0.0126,0.101,59.06,human_climate_space,0.101,0.1714,0.58926487747958,spatial_model_estimated,388,selected,83,5,0.001,0.2531575480880005
temporal_events,Europe,7500,human,0.0179,-0.0031999999999999997,0.0147,7.7,human_climate_space,0.0147,0.191,0.0769633507853403,spatial_model_estimated,383,selected,80,5,0.001,0.25483937772553866
temporal_events,Europe,7500,climate,0.0774,-3.999999999999976e-4,0.077,40.31,human_climate_space,0.077,0.191,0.4031413612565445,spatial_model_estimated,383,selected,80,5,0.001,0.25483937772553866
temporal_events,Europe,7500,space,0.0987,6.000000000000033e-4,0.0993,51.99,human_climate_space,0.0993,0.191,0.5198952879581151,spatial_model_estimated,383,selected,80,5,0.001,0.25483937772553866
temporal_events,Europe,8000,human,0.01,-0.0010000000000000009,0.009,5.66,human_climate_space,0.009,0.1591,0.056568196103079824,spatial_model_estimated,376,selected,78,6,0.001,0.2071138650914396
temporal_events,Europe,8000,climate,0.0664,0.004799999999999999,0.0712,44.78,human_climate_space,0.0712,0.1591,0.4475172847265871,spatial_model_estimated,376,selected,78,6,0.001,0.2071138650914396
temporal_events,Europe,8000,space,0.0716,0.007300000000000001,0.0789,49.62,human_climate_space,0.0789,0.1591,0.49591451917033313,spatial_model_estimated,376,selected,78,6,0.001,0.2071138650914396
temporal_events,Europe,8500,human,0.0014,0.0013000000000000002,0.0027,1.8,human_climate_space,0.0027,0.1502,0.017976031957390146,spatial_model_estimated,359,selected,75,4,0.001,0.22283659439372538
temporal_events,Europe,8500,climate,0.0775,-0.0020000000000000018,0.0755,50.33,human_climate_space,0.0755,0.1502,0.5026631158455392,spatial_model_estimated,359,selected,75,4,0.001,0.22283659439372538
temporal_events,Europe,8500,space,0.0721,-1.0000000000000286e-4,0.072,48,human_climate_space,0.072,0.1502,0.47936085219707053,spatial_model_estimated,359,selected,75,4,0.001,0.22283659439372538
temporal_events,Latin America,500,human,0.0061,0.0036,0.0097,12.44,human_climate_space,0.0097,0.0784,0.12372448979591838,no_spatial_terms_selected,73,no_spatial_signal,10,0,0.115,0.04218653859576171
temporal_events,Latin America,500,climate,0.0651,0.003599999999999992,0.0687,88.08,human_climate_space,0.0687,0.0784,0.8762755102040817,no_spatial_terms_selected,73,no_spatial_signal,10,0,0.115,0.04218653859576171
temporal_events,Latin America,500,space,NA,NA,0,NA,human_climate_space,0,0.0784,0,no_spatial_terms_selected,73,no_spatial_signal,10,0,0.115,0.04218653859576171
temporal_events,Latin America,1000,human,0.0016,0.0024000000000000002,0.004,3.57,human_climate_space,0.004,0.1121,0.03568242640499554,no_spatial_terms_selected,86,no_spatial_signal,11,0,0.081,0.047323713663868894
temporal_events,Latin America,1000,climate,0.1057,0.0023999999999999994,0.1081,96.52,human_climate_space,0.1081,0.1121,0.9643175735950045,no_spatial_terms_selected,86,no_spatial_signal,11,0,0.081,0.047323713663868894
temporal_events,Latin America,1000,space,NA,NA,0,NA,human_climate_space,0,0.1121,0,no_spatial_terms_selected,86,no_spatial_signal,11,0,0.081,0.047323713663868894
temporal_events,Latin America,1500,human,0.0043,5.999999999999998e-4,0.0049,3.25,human_climate_space,0.0049,0.1509,0.032471835652750164,spatial_model_estimated,86,selected,11,1,0.001,0.1099593912203265
temporal_events,Latin America,1500,climate,0.1091,0.0121,0.1212,80.26,human_climate_space,0.1212,0.1509,0.8031809145129224,spatial_model_estimated,86,selected,11,1,0.001,0.1099593912203265
temporal_events,Latin America,1500,space,0.0215,0.003300000000000001,0.0248,16.42,human_climate_space,0.0248,0.1509,0.16434724983432736,spatial_model_estimated,86,selected,11,1,0.001,0.1099593912203265
temporal_events,Latin America,2000,human,0.0044,0.0031999999999999997,0.0076,4.42,human_climate_space,0.0076,0.1718,0.04423748544819557,spatial_model_estimated,87,selected,11,1,0.002,0.10061545405579109
temporal_events,Latin America,2000,climate,0.1267,0.01469999999999999,0.1414,82.21,human_climate_space,0.1414,0.1718,0.8230500582072177,spatial_model_estimated,87,selected,11,1,0.002,0.10061545405579109
temporal_events,Latin America,2000,space,0.0149,0.0079,0.0228,13.26,human_climate_space,0.0228,0.1718,0.13271245634458673,spatial_model_estimated,87,selected,11,1,0.002,0.10061545405579109
temporal_events,Latin America,2500,human,0.0043,0.013699999999999999,0.018,10,human_climate_space,0.018,0.18020000000000003,0.09988901220865702,spatial_model_estimated,87,selected,11,1,0.001,0.13516723135451758
temporal_events,Latin America,2500,climate,0.1115,0.022700000000000012,0.1342,74.56,human_climate_space,0.1342,0.18020000000000003,0.7447280799112097,spatial_model_estimated,87,selected,11,1,0.001,0.13516723135451758
temporal_events,Latin America,2500,space,0.0222,0.0058,0.028,15.56,human_climate_space,0.028,0.18020000000000003,0.15538290788013318,spatial_model_estimated,87,selected,11,1,0.001,0.13516723135451758
temporal_events,Latin America,3000,human,-0.0065,0.0058,-7e-4,-0.35,human_climate_space,0,0.2021,0,spatial_model_estimated,86,selected,11,1,0.002,0.13299482032126886
temporal_events,Latin America,3000,climate,0.0961,0.034600000000000006,0.1307,65.02,human_climate_space,0.1307,0.2021,0.6467095497278575,spatial_model_estimated,86,selected,11,1,0.002,0.13299482032126886
temporal_events,Latin America,3000,space,0.0424,0.029000000000000005,0.0714,35.52,human_climate_space,0.0714,0.2021,0.3532904502721425,spatial_model_estimated,86,selected,11,1,0.002,0.13299482032126886
temporal_events,Latin America,3500,human,0.0054,0.014299999999999998,0.0197,8.79,human_climate_space,0.0197,0.2245,0.08775055679287304,spatial_model_estimated,84,selected,13,1,0.003,0.12769035657967032
temporal_events,Latin America,3500,climate,0.1052,0.03449999999999999,0.1397,62.37,human_climate_space,0.1397,0.2245,0.6222717149220489,spatial_model_estimated,84,selected,13,1,0.003,0.12769035657967032
temporal_events,Latin America,3500,space,0.0415,0.023600000000000003,0.0651,29.06,human_climate_space,0.0651,0.2245,0.28997772828507795,spatial_model_estimated,84,selected,13,1,0.003,0.12769035657967032
temporal_events,Latin America,4000,human,0.0215,-0.0023999999999999994,0.0191,9.1,human_climate_space,0.0191,0.2097,0.0910824988078207,spatial_model_estimated,85,selected,11,1,0.001,0.13933377239268052
temporal_events,Latin America,4000,climate,0.1703,0.004599999999999993,0.1749,83.29,human_climate_space,0.1749,0.2097,0.8340486409155937,spatial_model_estimated,85,selected,11,1,0.001,0.13933377239268052
temporal_events,Latin America,4000,space,0.0208,-0.0051,0.0157,7.48,human_climate_space,0.0157,0.2097,0.0748688602765856,spatial_model_estimated,85,selected,11,1,0.001,0.13933377239268052
temporal_events,Latin America,4500,human,0.0038,0.0063,0.0101,4.45,human_climate_space,0.0101,0.2273,0.044434667839859214,spatial_model_estimated,87,selected,11,1,0.003,0.1412319129866879
temporal_events,Latin America,4500,climate,0.0909,0.040400000000000005,0.1313,57.84,human_climate_space,0.1313,0.2273,0.5776506819181698,spatial_model_estimated,87,selected,11,1,0.003,0.1412319129866879
temporal_events,Latin America,4500,space,0.0491,0.036800000000000006,0.0859,37.84,human_climate_space,0.0859,0.2273,0.37791465024197096,spatial_model_estimated,87,selected,11,1,0.003,0.1412319129866879
temporal_events,Latin America,5000,human,-0.0052,0.0021999999999999997,-0.003,-1.44,human_climate_space,0,0.2112,0,spatial_model_estimated,84,selected,11,1,0.001,0.16572459955405894
temporal_events,Latin America,5000,climate,0.0949,0.03560000000000001,0.1305,62.74,human_climate_space,0.1305,0.2112,0.6178977272727273,spatial_model_estimated,84,selected,11,1,0.001,0.16572459955405894
temporal_events,Latin America,5000,space,0.0497,0.030999999999999993,0.0807,38.8,human_climate_space,0.0807,0.2112,0.3821022727272727,spatial_model_estimated,84,selected,11,1,0.001,0.16572459955405894
temporal_events,Latin America,5500,human,-0.0047,0.0019000000000000002,-0.0028,-1.52,human_climate_space,0,0.1873,0,spatial_model_estimated,86,selected,11,1,0.001,0.15381427488547028
temporal_events,Latin America,5500,climate,0.0754,0.0398,0.1152,62.61,human_climate_space,0.1152,0.1873,0.615056059797117,spatial_model_estimated,86,selected,11,1,0.001,0.15381427488547028
temporal_events,Latin America,5500,space,0.0355,0.0366,0.0721,39.18,human_climate_space,0.0721,0.1873,0.3849439402028831,spatial_model_estimated,86,selected,11,1,0.001,0.15381427488547028
temporal_events,Latin America,6000,human,0.0039,-0.005,-0.0011,-0.69,human_climate_space,0,0.1598,0,no_spatial_terms_selected,82,no_terms_selected,11,0,0.004,0.09258529752098466
temporal_events,Latin America,6000,climate,0.1648,-0.0050000000000000044,0.1598,100.5,human_climate_space,0.1598,0.1598,1,no_spatial_terms_selected,82,no_terms_selected,11,0,0.004,0.09258529752098466
temporal_events,Latin America,6000,space,NA,NA,0,NA,human_climate_space,0,0.1598,0,no_spatial_terms_selected,82,no_terms_selected,11,0,0.004,0.09258529752098466
temporal_events,Latin America,6500,human,0.0011,0.0021000000000000003,0.0032,1.95,human_climate_space,0.0032,0.1642,0.0194884287454324,no_spatial_terms_selected,82,no_terms_selected,11,0,0.039,0.05676576574437098
temporal_events,Latin America,6500,climate,0.1588,0.0022000000000000075,0.161,98.17,human_climate_space,0.161,0.1642,0.9805115712545676,no_spatial_terms_selected,82,no_terms_selected,11,0,0.039,0.05676576574437098
temporal_events,Latin America,6500,space,NA,NA,0,NA,human_climate_space,0,0.1642,0,no_spatial_terms_selected,82,no_terms_selected,11,0,0.039,0.05676576574437098
temporal_events,Latin America,7000,human,0.0058,0.0019000000000000006,0.0077,5.83,human_climate_space,0.0077,0.1317,0.05846621108580106,no_spatial_terms_selected,81,no_terms_selected,11,0,0.036,0.06793818315795552
temporal_events,Latin America,7000,climate,0.122,0.0020000000000000018,0.124,93.94,human_climate_space,0.124,0.1317,0.9415337889141988,no_spatial_terms_selected,81,no_terms_selected,11,0,0.036,0.06793818315795552
temporal_events,Latin America,7000,space,NA,NA,0,NA,human_climate_space,0,0.1317,0,no_spatial_terms_selected,81,no_terms_selected,11,0,0.036,0.06793818315795552
temporal_events,Latin America,7500,human,0.0096,-0.003599999999999999,0.006,3.68,human_climate_space,0.006,0.1629,0.03683241252302026,spatial_model_estimated,81,selected,10,1,0.011,0.08498021567250025
temporal_events,Latin America,7500,climate,0.1386,7.999999999999952e-4,0.1394,85.52,human_climate_space,0.1394,0.1629,0.8557397176181707,spatial_model_estimated,81,selected,10,1,0.011,0.08498021567250025
temporal_events,Latin America,7500,space,0.0197,-0.002199999999999997,0.0175,10.74,human_climate_space,0.0175,0.1629,0.1074278698588091,spatial_model_estimated,81,selected,10,1,0.011,0.08498021567250025
temporal_events,Latin America,8000,human,-0.0043,-0.0014000000000000002,-0.0057,-5.18,human_climate_space,0,0.1152,0,no_spatial_terms_selected,74,no_terms_selected,9,0,0.01,0.07761962049341653
temporal_events,Latin America,8000,climate,0.1166,-0.0013999999999999985,0.1152,104.73,human_climate_space,0.1152,0.1152,1,no_spatial_terms_selected,74,no_terms_selected,9,0,0.01,0.07761962049341653
temporal_events,Latin America,8000,space,NA,NA,0,NA,human_climate_space,0,0.1152,0,no_spatial_terms_selected,74,no_terms_selected,9,0,0.01,0.07761962049341653
temporal_events,Latin America,8500,human,-0.0053,-4.000000000000002e-4,-0.0057,-3.73,human_climate_space,0,0.1587,0,spatial_model_estimated,71,selected,10,1,0.001,0.11079787030355981
temporal_events,Latin America,8500,climate,0.0613,0.0298,0.0911,59.54,human_climate_space,0.0911,0.1587,0.5740390674228103,spatial_model_estimated,71,selected,10,1,0.001,0.11079787030355981
temporal_events,Latin America,8500,space,0.0363,0.031299999999999994,0.0676,44.18,human_climate_space,0.0676,0.1587,0.4259609325771896,spatial_model_estimated,71,selected,10,1,0.001,0.11079787030355981
temporal_events,North America,500,human,0.0101,0.0254,0.0355,13.65,human_climate_space,0.0355,0.2602,0.13643351268255188,spatial_model_estimated,451,selected,106,5,0.001,0.24251463564047082
temporal_events,North America,500,climate,0.0197,0.04390000000000001,0.0636,24.46,human_climate_space,0.0636,0.2602,0.24442736356648734,spatial_model_estimated,451,selected,106,5,0.001,0.24251463564047082
temporal_events,North America,500,space,0.104,0.0571,0.1611,61.96,human_climate_space,0.1611,0.2602,0.6191391237509608,spatial_model_estimated,451,selected,106,5,0.001,0.24251463564047082
temporal_events,North America,1000,human,0.0039,0.0062,0.0101,4.7,human_climate_space,0.0101,0.215,0.04697674418604651,spatial_model_estimated,519,selected,128,4,0.001,0.24048523637946828
temporal_events,North America,1000,climate,0.0175,0.04,0.0575,26.74,human_climate_space,0.0575,0.215,0.2674418604651163,spatial_model_estimated,519,selected,128,4,0.001,0.24048523637946828
temporal_events,North America,1000,space,0.1046,0.042800000000000005,0.1474,68.56,human_climate_space,0.1474,0.215,0.6855813953488372,spatial_model_estimated,519,selected,128,4,0.001,0.24048523637946828
temporal_events,North America,1500,human,-9e-4,0.0034000000000000002,0.0025,1.21,human_climate_space,0.0025,0.2056,0.012159533073929961,spatial_model_estimated,539,selected,134,6,0.001,0.2210377319355752
temporal_events,North America,1500,climate,0.0182,0.0397,0.0579,28.11,human_climate_space,0.0579,0.2056,0.2816147859922179,spatial_model_estimated,539,selected,134,6,0.001,0.2210377319355752
temporal_events,North America,1500,space,0.105,0.0402,0.1452,70.49,human_climate_space,0.1452,0.2056,0.7062256809338521,spatial_model_estimated,539,selected,134,6,0.001,0.2210377319355752
temporal_events,North America,2000,human,-1e-4,0.0026,0.0025,1.25,human_climate_space,0.0025,0.2003,0.012481278082875686,spatial_model_estimated,540,selected,133,6,0.001,0.22145429109740355
temporal_events,North America,2000,climate,0.0198,0.03799999999999999,0.0578,28.9,human_climate_space,0.0578,0.2003,0.28856714927608584,spatial_model_estimated,540,selected,133,6,0.001,0.22145429109740355
temporal_events,North America,2000,space,0.1026,0.03740000000000002,0.14,70,human_climate_space,0.14,0.2003,0.6989515726410385,spatial_model_estimated,540,selected,133,6,0.001,0.22145429109740355
temporal_events,North America,2500,human,0.0024,0.0028,0.0052,2.41,human_climate_space,0.0052,0.21559999999999999,0.02411873840445269,spatial_model_estimated,534,selected,132,5,0.001,0.23054346512544477
temporal_events,North America,2500,climate,0.0208,0.0383,0.0591,27.36,human_climate_space,0.0591,0.21559999999999999,0.2741187384044527,spatial_model_estimated,534,selected,132,5,0.001,0.23054346512544477
temporal_events,North America,2500,space,0.1138,0.03749999999999999,0.1513,70.05,human_climate_space,0.1513,0.21559999999999999,0.7017625231910947,spatial_model_estimated,534,selected,132,5,0.001,0.23054346512544477
temporal_events,North America,3000,human,0.0037,0.003,0.0067,3.21,human_climate_space,0.0067,0.2093,0.03201146679407549,spatial_model_estimated,533,selected,130,7,0.001,0.2240762760303593
temporal_events,North America,3000,climate,0.0153,0.0417,0.057,27.27,human_climate_space,0.057,0.2093,0.272336359292881,spatial_model_estimated,533,selected,130,7,0.001,0.2240762760303593
temporal_events,North America,3000,space,0.1045,0.04110000000000001,0.1456,69.67,human_climate_space,0.1456,0.2093,0.6956521739130435,spatial_model_estimated,533,selected,130,7,0.001,0.2240762760303593
temporal_events,North America,3500,human,0.0047,0.0027999999999999995,0.0075,3.77,human_climate_space,0.0075,0.1991,0.03766951280763435,spatial_model_estimated,537,selected,132,4,0.001,0.23638025131473628
temporal_events,North America,3500,climate,0.0183,0.0402,0.0585,29.4,human_climate_space,0.0585,0.1991,0.293822199899548,spatial_model_estimated,537,selected,132,4,0.001,0.23638025131473628
temporal_events,North America,3500,space,0.0943,0.0388,0.1331,66.88,human_climate_space,0.1331,0.1991,0.6685082872928176,spatial_model_estimated,537,selected,132,4,0.001,0.23638025131473628
temporal_events,North America,4000,human,0.0059,0.0030999999999999995,0.009,4.89,human_climate_space,0.009,0.184,0.048913043478260865,spatial_model_estimated,545,selected,135,4,0.001,0.22228153753199598
temporal_events,North America,4000,climate,0.0137,0.0373,0.051,27.72,human_climate_space,0.051,0.184,0.27717391304347827,spatial_model_estimated,545,selected,135,4,0.001,0.22228153753199598
temporal_events,North America,4000,space,0.0875,0.036500000000000005,0.124,67.39,human_climate_space,0.124,0.184,0.6739130434782609,spatial_model_estimated,545,selected,135,4,0.001,0.22228153753199598
temporal_events,North America,4500,human,0.0041,0.0026999999999999993,0.0068,3.3,human_climate_space,0.0068,0.20609999999999998,0.03299369238233867,spatial_model_estimated,541,selected,133,5,0.001,0.22779353174941352
temporal_events,North America,4500,climate,0.0136,0.0412,0.0548,26.6,human_climate_space,0.0548,0.20609999999999998,0.2658903444929646,spatial_model_estimated,541,selected,133,5,0.001,0.22779353174941352
temporal_events,North America,4500,space,0.1037,0.04079999999999999,0.1445,70.15,human_climate_space,0.1445,0.20609999999999998,0.7011159631246968,spatial_model_estimated,541,selected,133,5,0.001,0.22779353174941352
temporal_events,North America,5000,human,0.0035,0.0032,0.0067,3.35,human_climate_space,0.0067,0.2001,0.033483258370814596,spatial_model_estimated,539,selected,132,5,0.001,0.20352241257320225
temporal_events,North America,5000,climate,0.0143,0.0419,0.0562,28.1,human_climate_space,0.0562,0.2001,0.28085957021489255,spatial_model_estimated,539,selected,132,5,0.001,0.20352241257320225
temporal_events,North America,5000,space,0.0945,0.04269999999999999,0.1372,68.6,human_climate_space,0.1372,0.2001,0.6856571714142928,spatial_model_estimated,539,selected,132,5,0.001,0.20352241257320225
temporal_events,North America,5500,human,0.0037,0.0031999999999999997,0.0069,3.43,human_climate_space,0.0069,0.20099999999999998,0.034328358208955224,spatial_model_estimated,544,selected,135,8,0.001,0.20964708650632646
temporal_events,North America,5500,climate,0.0117,0.036199999999999996,0.0479,23.83,human_climate_space,0.0479,0.20099999999999998,0.2383084577114428,spatial_model_estimated,544,selected,135,8,0.001,0.20964708650632646
temporal_events,North America,5500,space,0.1091,0.037099999999999994,0.1462,72.74,human_climate_space,0.1462,0.20099999999999998,0.727363184079602,spatial_model_estimated,544,selected,135,8,0.001,0.20964708650632646
temporal_events,North America,6000,human,0.0031,0.0021,0.0052,2.61,human_climate_space,0.0052,0.1994,0.026078234704112337,spatial_model_estimated,535,selected,133,8,0.001,0.2236886372559974
temporal_events,North America,6000,climate,0.0191,0.035,0.0541,27.19,human_climate_space,0.0541,0.1994,0.27131394182547647,spatial_model_estimated,535,selected,133,8,0.001,0.2236886372559974
temporal_events,North America,6000,space,0.1048,0.0353,0.1401,70.4,human_climate_space,0.1401,0.1994,0.7026078234704113,spatial_model_estimated,535,selected,133,8,0.001,0.2236886372559974
temporal_events,North America,6500,human,5e-4,0.0017000000000000001,0.0022,1.04,human_climate_space,0.0022,0.21239999999999998,0.010357815442561208,spatial_model_estimated,543,selected,135,8,0.001,0.21536768543145146
temporal_events,North America,6500,climate,0.0191,0.0393,0.0584,27.55,human_climate_space,0.0584,0.21239999999999998,0.27495291902071567,spatial_model_estimated,543,selected,135,8,0.001,0.21536768543145146
temporal_events,North America,6500,space,0.1123,0.03949999999999999,0.1518,71.6,human_climate_space,0.1518,0.21239999999999998,0.7146892655367232,spatial_model_estimated,543,selected,135,8,0.001,0.21536768543145146
temporal_events,North America,7000,human,-7e-4,0.0012000000000000001,5e-4,0.24,human_climate_space,5e-4,0.2109,0.002370791844476055,spatial_model_estimated,540,selected,134,10,0.001,0.22290640552474372
temporal_events,North America,7000,climate,0.0284,0.0338,0.0622,29.48,human_climate_space,0.0622,0.2109,0.29492650545282123,spatial_model_estimated,540,selected,134,10,0.001,0.22290640552474372
temporal_events,North America,7000,space,0.1143,0.0339,0.1482,70.24,human_climate_space,0.1482,0.2109,0.7027027027027026,spatial_model_estimated,540,selected,134,10,0.001,0.22290640552474372
temporal_events,North America,7500,human,-7e-4,0.0015999999999999999,9e-4,0.5,human_climate_space,9e-4,0.1788,0.005033557046979866,spatial_model_estimated,542,selected,136,6,0.001,0.2087626764115772
temporal_events,North America,7500,climate,0.0299,0.028399999999999998,0.0583,32.57,human_climate_space,0.0583,0.1788,0.3260626398210291,spatial_model_estimated,542,selected,136,6,0.001,0.2087626764115772
temporal_events,North America,7500,space,0.091,0.0286,0.1196,66.82,human_climate_space,0.1196,0.1788,0.668903803131991,spatial_model_estimated,542,selected,136,6,0.001,0.2087626764115772
temporal_events,North America,8000,human,0,0.002,0.002,1.09,human_climate_space,0.002,0.18389999999999998,0.010875475802066341,spatial_model_estimated,532,selected,131,9,0.001,0.18823644745838852
temporal_events,North America,8000,climate,0.038,0.0317,0.0697,37.88,human_climate_space,0.0697,0.18389999999999998,0.379010331702012,spatial_model_estimated,532,selected,131,9,0.001,0.18823644745838852
temporal_events,North America,8000,space,0.0798,0.0324,0.1122,60.98,human_climate_space,0.1122,0.18389999999999998,0.6101141924959217,spatial_model_estimated,532,selected,131,9,0.001,0.18823644745838852
temporal_events,North America,8500,human,0.0023,5e-4,0.0028,1.37,human_climate_space,0.0028,0.2052,0.013645224171539962,spatial_model_estimated,523,selected,129,7,0.001,0.20524967117404969
temporal_events,North America,8500,climate,0.0287,0.035,0.0637,31.07,human_climate_space,0.0637,0.2052,0.31042884990253417,spatial_model_estimated,523,selected,129,7,0.001,0.20524967117404969
temporal_events,North America,8500,space,0.1037,0.03499999999999999,0.1387,67.66,human_climate_space,0.1387,0.2052,0.6759259259259259,spatial_model_estimated,523,selected,129,7,0.001,0.20524967117404969
temporal_events,Oceania,500,human,-0.0219,0.0039000000000000007,-0.018,-26.47,human_climate_space,0,0.0856,0,no_spatial_terms_selected,33,no_terms_selected,4,0,0.003,0.18217374324066482
temporal_events,Oceania,500,climate,0.0816,0.00399999999999999,0.0856,125.88,human_climate_space,0.0856,0.0856,1,no_spatial_terms_selected,33,no_terms_selected,4,0,0.003,0.18217374324066482
temporal_events,Oceania,500,space,NA,NA,0,NA,human_climate_space,0,0.0856,0,no_spatial_terms_selected,33,no_terms_selected,4,0,0.003,0.18217374324066482
temporal_events,Oceania,1000,human,0.081,-0.021000000000000005,0.06,33.71,human_climate_space,0.06,0.1781,0.3368893879842785,spatial_model_estimated,44,selected,5,1,0.002,0.1726722929420016
temporal_events,Oceania,1000,climate,0.0282,0.0324,0.0606,34.04,human_climate_space,0.0606,0.1781,0.34025828186412127,spatial_model_estimated,44,selected,5,1,0.002,0.1726722929420016
temporal_events,Oceania,1000,space,0.0596,-0.0020999999999999977,0.0575,32.3,human_climate_space,0.0575,0.1781,0.3228523301516002,spatial_model_estimated,44,selected,5,1,0.002,0.1726722929420016
temporal_events,Oceania,1500,human,-0.0145,0.006700000000000001,-0.0078,-7.65,human_climate_space,0,0.10950000000000001,0,spatial_model_estimated,45,selected,5,1,0.011,0.086210414939766
temporal_events,Oceania,1500,climate,0.0998,-0.011399999999999993,0.0884,86.67,human_climate_space,0.0884,0.10950000000000001,0.8073059360730593,spatial_model_estimated,45,selected,5,1,0.011,0.086210414939766
temporal_events,Oceania,1500,space,0.0346,-0.013499999999999998,0.0211,20.69,human_climate_space,0.0211,0.10950000000000001,0.19269406392694063,spatial_model_estimated,45,selected,5,1,0.011,0.086210414939766
temporal_events,Oceania,2000,human,0.0081,0.0014999999999999996,0.0096,30.97,human_climate_space,0.0096,0.030699999999999998,0.3127035830618892,no_spatial_terms_selected,46,no_terms_selected,5,0,0.02,0.0741924453153755
temporal_events,Oceania,2000,climate,0.0195,0.0016000000000000007,0.0211,68.06,human_climate_space,0.0211,0.030699999999999998,0.6872964169381108,no_spatial_terms_selected,46,no_terms_selected,5,0,0.02,0.0741924453153755
temporal_events,Oceania,2000,space,NA,NA,0,NA,human_climate_space,0,0.030699999999999998,0,no_spatial_terms_selected,46,no_terms_selected,5,0,0.02,0.0741924453153755
temporal_events,Oceania,2500,human,0.0182,-0.004900000000000002,0.0133,15.47,human_climate_space,0.0133,0.08579999999999999,0.15501165501165504,no_spatial_terms_selected,45,no_terms_selected,5,0,0.012,0.08548473393093681
temporal_events,Oceania,2500,climate,0.0774,-0.004900000000000002,0.0725,84.3,human_climate_space,0.0725,0.08579999999999999,0.8449883449883451,no_spatial_terms_selected,45,no_terms_selected,5,0,0.012,0.08548473393093681
temporal_events,Oceania,2500,space,NA,NA,0,NA,human_climate_space,0,0.08579999999999999,0,no_spatial_terms_selected,45,no_terms_selected,5,0,0.012,0.08548473393093681
temporal_events,Oceania,3000,human,0.0059,0.007500000000000001,0.0134,10.63,human_climate_space,0.0134,0.1262,0.10618066561014262,no_spatial_terms_selected,47,no_spatial_signal,5,0,0.053,0.06347848795431266
temporal_events,Oceania,3000,climate,0.1052,0.007599999999999996,0.1128,89.52,human_climate_space,0.1128,0.1262,0.8938193343898573,no_spatial_terms_selected,47,no_spatial_signal,5,0,0.053,0.06347848795431266
temporal_events,Oceania,3000,space,NA,NA,0,NA,human_climate_space,0,0.1262,0,no_spatial_terms_selected,47,no_spatial_signal,5,0,0.053,0.06347848795431266
temporal_events,Oceania,3500,human,-0.0196,0.0046,-0.015,-12.93,human_climate_space,0,0.1313,0,spatial_model_estimated,46,selected,5,1,0.007,0.09666264649172729
temporal_events,Oceania,3500,climate,0.135,-0.0067000000000000115,0.1283,110.6,human_climate_space,0.1283,0.1313,0.9771515613099772,spatial_model_estimated,46,selected,5,1,0.007,0.09666264649172729
temporal_events,Oceania,3500,space,0.0144,-0.0114,0.003,2.59,human_climate_space,0.003,0.1313,0.02284843869002285,spatial_model_estimated,46,selected,5,1,0.007,0.09666264649172729
temporal_events,Oceania,4000,human,-0.0186,0.006199999999999999,-0.0124,-19.38,human_climate_space,0,0.0762,0,no_spatial_terms_selected,47,no_terms_selected,5,0,0.033,0.07201707269400937
temporal_events,Oceania,4000,climate,0.07,0.006199999999999997,0.0762,119.06,human_climate_space,0.0762,0.0762,1,no_spatial_terms_selected,47,no_terms_selected,5,0,0.033,0.07201707269400937
temporal_events,Oceania,4000,space,NA,NA,0,NA,human_climate_space,0,0.0762,0,no_spatial_terms_selected,47,no_terms_selected,5,0,0.033,0.07201707269400937
