analysis,region,age,n_models,n_available,n_accounting_valid,total_adjusted_r_squared_sum,total_adjusted_r_squared_mean,unique_human_sum,unique_human_mean,unique_climate_sum,unique_climate_mean,shared_sum,shared_mean,unexplained_sum,unexplained_mean,bounded_total_adjusted_r_squared_sum,bounded_total_adjusted_r_squared_mean,bounded_unique_human_sum,bounded_unique_human_mean,bounded_unique_climate_sum,bounded_unique_climate_mean,bounded_shared_sum,bounded_shared_mean,bounded_unexplained_sum,bounded_unexplained_mean
temporal_events,Asia,500,1,1,1,0.136,0.136,0.0419,0.0419,0.0491,0.0491,0.0454,0.0454,0.864,0.864,0.136,0.136,0.04177712609970675,0.04177712609970675,0.04895601173020528,0.04895601173020528,0.04526686217008798,0.04526686217008798,0.864,0.864
temporal_events,Asia,1000,1,1,1,0.094,0.094,0.0346,0.0346,0.0267,0.0267,0.0325,0.0325,0.906,0.906,0.094,0.094,0.03467377398720683,0.03467377398720683,0.02675692963752666,0.02675692963752666,0.03256929637526653,0.03256929637526653,0.906,0.906
temporal_events,Asia,1500,1,1,1,0.129,0.129,0.0515,0.0515,0.0259,0.0259,0.0517,0.0517,0.871,0.871,0.129,0.129,0.05146010844306739,0.05146010844306739,0.025879938032532922,0.025879938032532922,0.0516599535243997,0.0516599535243997,0.871,0.871
temporal_events,Asia,2000,1,1,1,0.111,0.111,0.0423,0.0423,0.0383,0.0383,0.03,0.03,0.889,0.889,0.111,0.111,0.042452983725135625,0.042452983725135625,0.03843851717902351,0.03843851717902351,0.03010849909584087,0.03010849909584087,0.889,0.889
temporal_events,Asia,2500,1,1,1,0.107,0.107,0.0235,0.0235,0.0474,0.0474,0.0362,0.0362,0.893,0.893,0.107,0.107,0.023478057889822594,0.023478057889822594,0.04735574229691877,0.04735574229691877,0.03616619981325864,0.03616619981325864,0.893,0.893
temporal_events,Asia,3000,1,1,1,0.113,0.113,0.0324,0.0324,0.0571,0.0571,0.024,0.024,0.887,0.887,0.113,0.113,0.03225726872246696,0.03225726872246696,0.056848458149779735,0.056848458149779735,0.023894273127753305,0.023894273127753305,0.887,0.887
temporal_events,Asia,3500,1,1,1,0.1,0.1,0.0063,0.0063,0.0853,0.0853,0.0081,0.0081,0.9,0.9,0.1,0.1,0.006318956870611836,0.006318956870611836,0.08555667001003009,0.08555667001003009,0.008124373119358074,0.008124373119358074,0.9,0.9
temporal_events,Asia,4000,1,1,1,0.096,0.096,0.023,0.023,0.0632,0.0632,0.0093,0.0093,0.904,0.904,0.096,0.096,0.023120418848167536,0.023120418848167536,0.06353089005235603,0.06353089005235603,0.009348691099476438,0.009348691099476438,0.904,0.904
temporal_events,Asia,4500,1,1,1,0.093,0.093,0.0117,0.0117,0.071,0.071,0.0106,0.0106,0.907,0.907,0.093,0.093,0.011662379421221865,0.011662379421221865,0.0707717041800643,0.0707717041800643,0.010565916398713827,0.010565916398713827,0.907,0.907
temporal_events,Asia,5000,1,1,1,0.098,0.098,0.0168,0.0168,0.0708,0.0708,0.0101,0.0101,0.902,0.902,0.098,0.098,0.016851586489252817,0.016851586489252817,0.0710174002047083,0.0710174002047083,0.010131013306038895,0.010131013306038895,0.902,0.902
temporal_events,Asia,5500,1,1,1,0.104,0.104,0.0102,0.0102,0.0892,0.0892,0.0047,0.0047,0.896,0.896,0.104,0.104,0.010190201729106629,0.010190201729106629,0.08911431316042266,0.08911431316042266,0.004695485110470701,0.004695485110470701,0.896,0.896
temporal_events,Asia,6000,1,1,1,0.099,0.099,0.0052,0.0052,0.0933,0.0933,5e-4,5e-4,0.901,0.901,0.099,0.099,0.005200000000000001,0.005200000000000001,0.09330000000000001,0.09330000000000001,5.000000000000001e-4,5.000000000000001e-4,0.901,0.901
temporal_events,Asia,6500,1,1,1,0.11,0.11,0.0011,0.0011,0.106,0.106,0.0029,0.0029,0.89,0.89,0.11,0.11,0.0011,0.0011,0.106,0.106,0.0029,0.0029,0.89,0.89
temporal_events,Asia,7000,1,1,1,0.13,0.13,0.0052,0.0052,0.1162,0.1162,0.0091,0.0091,0.87,0.87,0.13,0.13,0.00518007662835249,0.00518007662835249,0.11575478927203064,0.11575478927203064,0.009065134099616859,0.009065134099616859,0.87,0.87
temporal_events,Asia,7500,1,1,1,0.135,0.135,0.0057,0.0057,0.1262,0.1262,0.003,0.003,0.865,0.865,0.135,0.135,0.005704225352112676,0.005704225352112676,0.12629355077835433,0.12629355077835433,0.0030022238695329873,0.0030022238695329873,0.865,0.865
temporal_events,Asia,8000,1,1,1,0.166,0.166,0.0065,0.0065,0.155,0.155,0.0048,0.0048,0.834,0.834,0.166,0.166,0.0064882742032471435,0.0064882742032471435,0.15472038484666267,0.15472038484666267,0.004791340950090198,0.004791340950090198,0.834,0.834
temporal_events,Asia,8500,1,1,1,0.172,0.172,0.0056,0.0056,0.1536,0.1536,0.0132,0.0132,0.8280000000000001,0.8280000000000001,0.172,0.172,0.005587006960556844,0.005587006960556844,0.15324361948955917,0.15324361948955917,0.01316937354988399,0.01316937354988399,0.8280000000000001,0.8280000000000001
temporal_events,Europe,500,1,1,1,0.082,0.082,0.0085,0.0085,0.0609,0.0609,0.0121,0.0121,0.918,0.918,0.082,0.082,0.008552147239263804,0.008552147239263804,0.06127361963190184,0.06127361963190184,0.012174233128834354,0.012174233128834354,0.918,0.918
temporal_events,Europe,1000,1,1,1,0.126,0.126,0.0112,0.0112,0.0982,0.0982,0.017,0.017,0.874,0.874,0.126,0.126,0.011164556962025314,0.011164556962025314,0.09788924050632909,0.09788924050632909,0.01694620253164557,0.01694620253164557,0.874,0.874
temporal_events,Europe,1500,1,1,1,0.115,0.115,0.0151,0.0151,0.088,0.088,0.0119,0.0119,0.885,0.885,0.115,0.115,0.015100000000000004,0.015100000000000004,0.08800000000000001,0.08800000000000001,0.011900000000000004,0.011900000000000004,0.885,0.885
temporal_events,Europe,2000,1,1,1,0.108,0.108,0.017,0.017,0.0798,0.0798,0.0113,0.0113,0.892,0.892,0.108,0.108,0.016984273820536543,0.016984273820536543,0.07972617946345975,0.07972617946345975,0.0112895467160037,0.0112895467160037,0.892,0.892
temporal_events,Europe,2500,1,1,1,0.084,0.084,0.0074,0.0074,0.0658,0.0658,0.0106,0.0106,0.916,0.916,0.084,0.084,0.00741766109785203,0.00741766109785203,0.06595704057279238,0.06595704057279238,0.01062529832935561,0.01062529832935561,0.916,0.916
temporal_events,Europe,3000,1,1,1,0.072,0.072,0.0083,0.0083,0.0592,0.0592,0.004,0.004,0.928,0.928,0.072,0.072,0.008358041958041957,0.008358041958041957,0.05961398601398601,0.05961398601398601,0.004027972027972028,0.004027972027972028,0.928,0.928
temporal_events,Europe,3500,1,1,1,0.089,0.089,0.0311,0.0311,0.0543,0.0543,0.0032,0.0032,0.911,0.911,0.089,0.089,0.031240406320541758,0.031240406320541758,0.0545451467268623,0.0545451467268623,0.0032144469525959367,0.0032144469525959367,0.911,0.911
temporal_events,Europe,4000,1,1,1,0.091,0.091,0.0063,0.0063,0.085,0.085,1e-4,1e-4,0.909,0.909,0.091,0.091,0.006272428884026258,0.006272428884026258,0.08462800875273523,0.08462800875273523,9.956236323851203e-5,9.956236323851203e-5,0.909,0.909
temporal_events,Europe,4500,1,1,1,0.089,0.089,0.0049,0.0049,0.0854,0.0854,-0.0011,-0.0011,0.911,0.911,0.089,0.089,0.004829457364341085,0.004829457364341085,0.08417054263565892,0.08417054263565892,0,0,0.911,0.911
temporal_events,Europe,5000,1,1,1,0.079,0.079,0.0106,0.0106,0.0717,0.0717,-0.0031,-0.0031,0.921,0.921,0.079,0.079,0.010174969623329283,0.010174969623329283,0.06882503037667072,0.06882503037667072,0,0,0.921,0.921
temporal_events,Europe,5500,1,1,1,0.089,0.089,0.0029,0.0029,0.0862,0.0862,-4e-4,-4e-4,0.911,0.911,0.089,0.089,0.002896745230078563,0.002896745230078563,0.08610325476992144,0.08610325476992144,0,0,0.911,0.911
temporal_events,Europe,6000,1,1,1,0.104,0.104,0.0299,0.0299,0.08,0.08,-0.0053,-0.0053,0.896,0.896,0.104,0.104,0.028294813466787985,0.028294813466787985,0.07570518653321201,0.07570518653321201,0,0,0.896,0.896
temporal_events,Europe,6500,1,1,1,0.074,0.074,0.0048,0.0048,0.074,0.074,-0.0046,-0.0046,0.926,0.926,0.074,0.074,0.00450761421319797,0.00450761421319797,0.06949238578680203,0.06949238578680203,0,0,0.926,0.926
temporal_events,Europe,7000,1,1,1,0.1,0.1,0.0217,0.0217,0.0814,0.0814,-0.003,-0.003,0.9,0.9,0.1,0.1,0.021047526673132883,0.021047526673132883,0.07895247332686713,0.07895247332686713,0,0,0.9,0.9
temporal_events,Europe,7500,1,1,1,0.106,0.106,0.0298,0.0298,0.0815,0.0815,-0.0058,-0.0058,0.894,0.894,0.106,0.106,0.028380952380952375,0.028380952380952375,0.07761904761904762,0.07761904761904762,0,0,0.894,0.894
temporal_events,Europe,8000,1,1,1,0.087,0.087,0.0093,0.0093,0.0782,0.0782,-8e-4,-8e-4,0.913,0.913,0.087,0.087,0.00924685714285714,0.00924685714285714,0.07775314285714285,0.07775314285714285,0,0,0.913,0.913
temporal_events,Europe,8500,1,1,1,0.078,0.078,0.0034,0.0034,0.0733,0.0733,0.0014,0.0014,0.922,0.922,0.078,0.078,0.0033956466069142125,0.0033956466069142125,0.07320614596670935,0.07320614596670935,0.0013982074263764405,0.0013982074263764405,0.922,0.922
temporal_events,Latin America,500,1,1,1,0.078,0.078,0.0061,0.0061,0.0651,0.0651,0.0073,0.0073,0.922,0.922,0.078,0.078,0.006061146496815287,0.006061146496815287,0.06468535031847135,0.06468535031847135,0.007253503184713376,0.007253503184713376,0.922,0.922
temporal_events,Latin America,1000,1,1,1,0.093,0.093,-0.0021,-0.0021,0.0951,0.0951,-2e-4,-2e-4,0.907,0.907,0.093,0.093,0,0,0.093,0.093,0,0,0.907,0.907
temporal_events,Latin America,1500,1,1,1,0.129,0.129,-0.0019,-0.0019,0.1259,0.1259,0.0054,0.0054,0.871,0.871,0.129,0.129,0,0,0.1236945925361767,0.1236945925361767,0.005305407463823306,0.005305407463823306,0.871,0.871
temporal_events,Latin America,2000,1,1,1,0.157,0.157,0.0031,0.0031,0.1484,0.1484,0.0054,0.0054,0.843,0.843,0.157,0.157,0.003101975780752072,0.003101975780752072,0.14849458253664757,0.14849458253664757,0.0054034416826003835,0.0054034416826003835,0.843,0.843
temporal_events,Latin America,2500,1,1,1,0.159,0.159,0.0064,0.0064,0.1282,0.1282,0.0244,0.0244,0.841,0.841,0.159,0.159,0.0064,0.0064,0.1282,0.1282,0.0244,0.0244,0.841,0.841
temporal_events,Latin America,3000,1,1,1,0.172,0.172,-0.0054,-0.0054,0.1572,0.1572,0.02,0.02,0.8280000000000001,0.8280000000000001,0.172,0.172,0,0,0.15258690744920994,0.15258690744920994,0.01941309255079007,0.01941309255079007,0.8280000000000001,0.8280000000000001
temporal_events,Latin America,3500,1,1,1,0.183,0.183,0.0017,0.0017,0.1457,0.1457,0.0355,0.0355,0.817,0.817,0.183,0.183,0.0017009294696555492,0.0017009294696555492,0.14577966101694914,0.14577966101694914,0.03551940951339529,0.03551940951339529,0.817,0.817
temporal_events,Latin America,4000,1,1,1,0.189,0.189,0.0094,0.0094,0.1721,0.1721,0.0073,0.0073,0.8109999999999999,0.8109999999999999,0.189,0.189,0.009409957627118645,0.009409957627118645,0.17228230932203392,0.17228230932203392,0.0073077330508474585,0.0073077330508474585,0.8109999999999999,0.8109999999999999
temporal_events,Latin America,4500,1,1,1,0.178,0.178,0.0021,0.0021,0.1574,0.1574,0.0187,0.0187,0.8220000000000001,0.8220000000000001,0.178,0.178,0.0020976430976430973,0.0020976430976430973,0.1572233445566779,0.1572233445566779,0.018679012345679015,0.018679012345679015,0.8220000000000001,0.8220000000000001
temporal_events,Latin America,5000,1,1,1,0.165,0.165,-0.0039,-0.0039,0.1668,0.1668,0.0017,0.0017,0.835,0.835,0.165,0.165,0,0,0.1633353115727003,0.1633353115727003,0.001664688427299703,0.001664688427299703,0.835,0.835
temporal_events,Latin America,5500,1,1,1,0.16,0.16,-0.0045,-0.0045,0.1606,0.1606,0.0037,0.0037,0.84,0.84,0.16,0.16,0,0,0.15639683505782104,0.15639683505782104,0.003603164942178941,0.003603164942178941,0.84,0.84
temporal_events,Latin America,6000,1,1,1,0.152,0.152,0.0027,0.0027,0.1583,0.1583,-0.0091,-0.0091,0.848,0.848,0.152,0.152,0.0025490683229813667,0.0025490683229813667,0.14945093167701864,0.14945093167701864,0,0,0.848,0.848
temporal_events,Latin America,6500,1,1,1,0.164,0.164,0.0011,0.0011,0.1588,0.1588,0.0044,0.0044,0.836,0.836,0.164,0.164,0.0010979914790018263,0.0010979914790018263,0.1585100426049909,0.1585100426049909,0.004391965916007305,0.004391965916007305,0.836,0.836
temporal_events,Latin America,7000,1,1,1,0.132,0.132,0.0058,0.0058,0.122,0.122,0.004,0.004,0.868,0.868,0.132,0.132,0.005808801213960546,0.005808801213960546,0.12218512898330804,0.12218512898330804,0.004006069802731411,0.004006069802731411,0.868,0.868
temporal_events,Latin America,7500,1,1,1,0.145,0.145,0.0027,0.0027,0.141,0.141,0.0014,0.0014,0.855,0.855,0.145,0.145,0.0026981392143349413,0.0026981392143349413,0.14090282563749135,0.14090282563749135,0.001399035148173673,0.001399035148173673,0.855,0.855
temporal_events,Latin America,8000,1,1,1,0.111,0.111,-0.0042,-0.0042,0.1173,0.1173,-0.0023,-0.0023,0.889,0.889,0.111,0.111,0,0,0.111,0.111,0,0,0.889,0.889
temporal_events,Latin America,8500,1,1,1,0.117,0.117,-0.0038,-0.0038,0.1233,0.1233,-0.0028,-0.0028,0.883,0.883,0.117,0.117,0,0,0.117,0.117,0,0,0.883,0.883
temporal_events,North America,500,1,1,1,0.158,0.158,0.0374,0.0374,0.0855,0.0855,0.0354,0.0354,0.842,0.842,0.158,0.158,0.0373291219204043,0.0373291219204043,0.08533796588755528,0.08533796588755528,0.03533291219204043,0.03533291219204043,0.842,0.842
temporal_events,North America,1000,1,1,1,0.109,0.109,0.0101,0.0101,0.0903,0.0903,0.0087,0.0087,0.891,0.891,0.109,0.109,0.010090742438130155,0.010090742438130155,0.09021723189734189,0.09021723189734189,0.008692025664527954,0.008692025664527954,0.891,0.891
temporal_events,North America,1500,1,1,1,0.102,0.102,0.0024,0.0024,0.0912,0.0912,0.0082,0.0082,0.898,0.898,0.102,0.102,0.002404715127701375,0.002404715127701375,0.09137917485265226,0.09137917485265226,0.008216110019646367,0.008216110019646367,0.898,0.898
temporal_events,North America,2000,1,1,1,0.101,0.101,-2e-4,-2e-4,0.0939,0.0939,0.0069,0.0069,0.899,0.899,0.101,0.101,0,0,0.09408630952380952,0.09408630952380952,0.006913690476190476,0.006913690476190476,0.899,0.899
temporal_events,North America,2500,1,1,1,0.102,0.102,0.0017,0.0017,0.0919,0.0919,0.0089,0.0089,0.898,0.898,0.102,0.102,0.0016917073170731706,0.0016917073170731706,0.09145170731707317,0.09145170731707317,0.008856585365853658,0.008856585365853658,0.898,0.898
temporal_events,North America,3000,1,1,1,0.108,0.108,0.0034,0.0034,0.0959,0.0959,0.0084,0.0084,0.892,0.892,0.108,0.108,0.003409470752089136,0.003409470752089136,0.09616713091922005,0.09616713091922005,0.008423398328690808,0.008423398328690808,0.892,0.892
temporal_events,North America,3500,1,1,1,0.105,0.105,0.0038,0.0038,0.0925,0.0925,0.0091,0.0091,0.895,0.895,0.105,0.105,0.0037855787476280835,0.0037855787476280835,0.09214895635673624,0.09214895635673624,0.009065464895635674,0.009065464895635674,0.895,0.895
temporal_events,North America,4000,1,1,1,0.094,0.094,0.003,0.003,0.0831,0.0831,0.0081,0.0081,0.906,0.906,0.094,0.094,0.002993630573248408,0.002993630573248408,0.08292356687898089,0.08292356687898089,0.0080828025477707,0.0080828025477707,0.906,0.906
temporal_events,North America,4500,1,1,1,0.103,0.103,0.0038,0.0038,0.0918,0.0918,0.0077,0.0077,0.897,0.897,0.103,0.103,0.003788964181994191,0.003788964181994191,0.09153339787028074,0.09153339787028074,0.007677637947725072,0.007677637947725072,0.897,0.897
temporal_events,North America,5000,1,1,1,0.109,0.109,0.0071,0.0071,0.0941,0.0941,0.0073,0.0073,0.891,0.891,0.109,0.109,0.007132718894009218,0.007132718894009218,0.0945336405529954,0.0945336405529954,0.007333640552995392,0.007333640552995392,0.891,0.891
temporal_events,North America,5500,1,1,1,0.093,0.093,0.0056,0.0056,0.0806,0.0806,0.0066,0.0066,0.907,0.907,0.093,0.093,0.005612068965517241,0.005612068965517241,0.08077370689655174,0.08077370689655174,0.006614224137931035,0.006614224137931035,0.907,0.907
temporal_events,North America,6000,1,1,1,0.099,0.099,0.0052,0.0052,0.0856,0.0856,0.0084,0.0084,0.901,0.901,0.099,0.099,0.005189516129032258,0.005189516129032258,0.0854274193548387,0.0854274193548387,0.008383064516129033,0.008383064516129033,0.901,0.901
temporal_events,North America,6500,1,1,1,0.099,0.099,0.005,0.005,0.0868,0.0868,0.0075,0.0075,0.901,0.901,0.099,0.099,0.004984894259818732,0.004984894259818732,0.08653776435045317,0.08653776435045317,0.007477341389728096,0.007477341389728096,0.901,0.901
temporal_events,North America,7000,1,1,1,0.095,0.095,-3e-4,-3e-4,0.0923,0.0923,0.0029,0.0029,0.905,0.905,0.095,0.095,0,0,0.09210609243697479,0.09210609243697479,0.00289390756302521,0.00289390756302521,0.905,0.905
temporal_events,North America,7500,1,1,1,0.103,0.103,0.0089,0.0089,0.0823,0.0823,0.0118,0.0118,0.897,0.897,0.103,0.103,0.008899999999999998,0.008899999999999998,0.08229999999999998,0.08229999999999998,0.011799999999999998,0.011799999999999998,0.897,0.897
temporal_events,North America,8000,1,1,1,0.132,0.132,0.0151,0.0151,0.0977,0.0977,0.0193,0.0193,0.868,0.868,0.132,0.132,0.015088569265707799,0.015088569265707799,0.09762604087812264,0.09762604087812264,0.019285389856169573,0.019285389856169573,0.868,0.868
temporal_events,North America,8500,1,1,1,0.147,0.147,0.0318,0.0318,0.0946,0.0946,0.0209,0.0209,0.853,0.853,0.147,0.147,0.03173523421588594,0.03173523421588594,0.09440733197556007,0.09440733197556007,0.02085743380855397,0.02085743380855397,0.853,0.853
temporal_events,Oceania,500,1,1,1,0.068,0.068,-0.0219,-0.0219,0.0816,0.0816,0.0079,0.0079,0.9319999999999999,0.9319999999999999,0.068,0.068,0,0,0.061997765363128496,0.061997765363128496,0.006002234636871509,0.006002234636871509,0.9319999999999999,0.9319999999999999
temporal_events,Oceania,1000,1,1,1,0.119,0.119,0.0387,0.0387,0.0929,0.0929,-0.013,-0.013,0.881,0.881,0.119,0.119,0.03499468085106383,0.03499468085106383,0.08400531914893616,0.08400531914893616,0,0,0.881,0.881
temporal_events,Oceania,1500,1,1,1,0.067,0.067,-0.0092,-0.0092,0.0689,0.0689,0.0075,0.0075,0.933,0.933,0.067,0.067,0,0,0.060422774869109956,0.060422774869109956,0.006577225130890052,0.006577225130890052,0.933,0.933
temporal_events,Oceania,2000,1,1,1,0.031,0.031,0.0081,0.0081,0.0195,0.0195,0.0031,0.0031,0.969,0.969,0.031,0.031,0.00817915309446254,0.00817915309446254,0.01969055374592834,0.01969055374592834,0.0031302931596091203,0.0031302931596091203,0.969,0.969
temporal_events,Oceania,2500,1,1,1,0.121,0.121,0.0233,0.0233,0.1051,0.1051,-0.0071,-0.0071,0.879,0.879,0.121,0.121,0.021957165109034265,0.021957165109034265,0.09904283489096571,0.09904283489096571,0,0,0.879,0.879
temporal_events,Oceania,3000,1,1,1,0.141,0.141,0.0115,0.0115,0.1184,0.1184,0.0116,0.0116,0.859,0.859,0.141,0.141,0.01145936395759717,0.01145936395759717,0.11798162544169609,0.11798162544169609,0.01155901060070671,0.01155901060070671,0.859,0.859
temporal_events,Oceania,3500,1,1,1,0.12,0.12,-0.0178,-0.0178,0.1321,0.1321,0.0061,0.0061,0.88,0.88,0.12,0.12,0,0,0.11470332850940666,0.11470332850940666,0.005296671490593344,0.005296671490593344,0.88,0.88
temporal_events,Oceania,4000,1,1,1,0.087,0.087,-0.0176,-0.0176,0.0943,0.0943,0.0103,0.0103,0.913,0.913,0.087,0.087,0,0,0.07843307839388144,0.07843307839388144,0.008566921606118546,0.008566921606118546,0.913,0.913
temporal_events,Oceania,4500,1,0,0,0,NA,0,NA,0,NA,0,NA,0,NA,0,NA,0,NA,0,NA,0,NA,0,NA
temporal_events,Oceania,5000,1,0,0,0,NA,0,NA,0,NA,0,NA,0,NA,0,NA,0,NA,0,NA,0,NA,0,NA
temporal_events,Oceania,5500,1,0,0,0,NA,0,NA,0,NA,0,NA,0,NA,0,NA,0,NA,0,NA,0,NA,0,NA
temporal_events,Oceania,6000,1,0,0,0,NA,0,NA,0,NA,0,NA,0,NA,0,NA,0,NA,0,NA,0,NA,0,NA
temporal_events,Oceania,6500,1,0,0,0,NA,0,NA,0,NA,0,NA,0,NA,0,NA,0,NA,0,NA,0,NA,0,NA
temporal_events,Oceania,7000,1,0,0,0,NA,0,NA,0,NA,0,NA,0,NA,0,NA,0,NA,0,NA,0,NA,0,NA
temporal_events,Oceania,7500,1,0,0,0,NA,0,NA,0,NA,0,NA,0,NA,0,NA,0,NA,0,NA,0,NA,0,NA
temporal_events,Oceania,8000,1,0,0,0,NA,0,NA,0,NA,0,NA,0,NA,0,NA,0,NA,0,NA,0,NA,0,NA
temporal_events,Oceania,8500,1,0,0,0,NA,0,NA,0,NA,0,NA,0,NA,0,NA,0,NA,0,NA,0,NA,0,NA
temporal_spd,Asia,2000,1,1,1,0.097,0.097,0.0289,0.0289,0.0855,0.0855,-0.0172,-0.0172,0.903,0.903,0.097,0.097,0.02450437062937063,0.02450437062937063,0.07249562937062938,0.07249562937062938,0,0,0.903,0.903
temporal_spd,Asia,2500,1,1,1,0.094,0.094,0.0109,0.0109,0.0944,0.0944,-0.0108,-0.0108,0.906,0.906,0.094,0.094,0.009730294396961063,0.009730294396961063,0.08426970560303892,0.08426970560303892,0,0,0.906,0.906
temporal_spd,Asia,3000,1,1,1,0.091,0.091,0.0098,0.0098,0.091,0.091,-0.0098,-0.0098,0.909,0.909,0.091,0.091,0.008847222222222222,0.008847222222222222,0.08215277777777778,0.08215277777777778,0,0,0.909,0.909
temporal_spd,Asia,3500,1,1,1,0.094,0.094,4e-4,4e-4,0.0829,0.0829,0.0104,0.0104,0.906,0.906,0.094,0.094,4.012806830309498e-4,4.012806830309498e-4,0.08316542155816435,0.08316542155816435,0.010433297758804694,0.010433297758804694,0.906,0.906
temporal_spd,Asia,4000,1,1,1,0.076,0.076,0.0039,0.0039,0.0709,0.0709,0.0016,0.0016,0.924,0.924,0.076,0.076,0.00387958115183246,0.00387958115183246,0.07052879581151832,0.07052879581151832,0.0015916230366492144,0.0015916230366492144,0.924,0.924
temporal_spd,Asia,4500,1,1,1,0.084,0.084,0.0028,0.0028,0.0592,0.0592,0.0224,0.0224,0.916,0.916,0.084,0.084,0.0027867298578199053,0.0027867298578199053,0.05891943127962086,0.05891943127962086,0.022293838862559243,0.022293838862559243,0.916,0.916
temporal_spd,Asia,5000,1,1,1,0.087,0.087,0.0056,0.0056,0.0521,0.0521,0.0287,0.0287,0.913,0.913,0.087,0.087,0.005638888888888889,0.005638888888888889,0.05246180555555555,0.05246180555555555,0.028899305555555553,0.028899305555555553,0.913,0.913
temporal_spd,Asia,5500,1,1,1,0.093,0.093,-9e-4,-9e-4,0.0791,0.0791,0.0148,0.0148,0.907,0.907,0.093,0.093,0,0,0.07834185303514377,0.07834185303514377,0.014658146964856228,0.014658146964856228,0.907,0.907
temporal_spd,Asia,6000,1,1,1,0.106,0.106,0.0122,0.0122,0.065,0.065,0.0288,0.0288,0.894,0.894,0.106,0.106,0.012199999999999999,0.012199999999999999,0.06499999999999999,0.06499999999999999,0.028799999999999996,0.028799999999999996,0.894,0.894
temporal_spd,Asia,6500,1,1,1,0.106,0.106,-0.0025,-0.0025,0.0941,0.0941,0.0148,0.0148,0.894,0.894,0.106,0.106,0,0,0.0915941230486685,0.0915941230486685,0.014405876951331498,0.014405876951331498,0.894,0.894
temporal_spd,Asia,7000,1,1,1,0.133,0.133,0.0076,0.0076,0.0958,0.0958,0.0294,0.0294,0.867,0.867,0.133,0.133,0.00761144578313253,0.00761144578313253,0.09594427710843373,0.09594427710843373,0.029444277108433736,0.029444277108433736,0.867,0.867
temporal_spd,Asia,7500,1,1,1,0.133,0.133,0.0036,0.0036,0.1005,0.1005,0.0287,0.0287,0.867,0.867,0.133,0.133,0.003605421686746988,0.003605421686746988,0.10065135542168675,0.10065135542168675,0.028743222891566264,0.028743222891566264,0.867,0.867
temporal_spd,Asia,8000,1,1,1,0.16,0.16,2e-4,2e-4,0.1406,0.1406,0.0191,0.0191,0.84,0.84,0.16,0.16,2.0012507817385866e-4,2.0012507817385866e-4,0.14068792995622265,0.14068792995622265,0.0191119449656035,0.0191119449656035,0.84,0.84
temporal_spd,Asia,8500,1,1,1,0.167,0.167,0,0,0.1558,0.1558,0.011,0.011,0.833,0.833,0.167,0.167,0,0,0.15598681055155875,0.15598681055155875,0.011013189448441246,0.011013189448441246,0.833,0.833
temporal_spd,Europe,2000,1,1,1,0.096,0.096,0.0047,0.0047,0.0936,0.0936,-0.0025,-0.0025,0.904,0.904,0.096,0.096,0.004590030518819939,0.004590030518819939,0.09140996948118008,0.09140996948118008,0,0,0.904,0.904
temporal_spd,Europe,2500,1,1,1,0.083,0.083,0.0067,0.0067,0.0817,0.0817,-0.0052,-0.0052,0.917,0.917,0.083,0.083,0.006290723981900453,0.006290723981900453,0.07670927601809956,0.07670927601809956,0,0,0.917,0.917
temporal_spd,Europe,3000,1,1,1,0.064,0.064,7e-4,7e-4,0.0532,0.0532,0.01,0.01,0.9359999999999999,0.9359999999999999,0.064,0.064,7.010954616588419e-4,7.010954616588419e-4,0.053283255086071984,0.053283255086071984,0.010015649452269171,0.010015649452269171,0.9359999999999999,0.9359999999999999
temporal_spd,Europe,3500,1,1,1,0.071,0.071,0.0136,0.0136,0.0448,0.0448,0.0127,0.0127,0.929,0.929,0.071,0.071,0.013580872011251757,0.013580872011251757,0.04473699015471167,0.04473699015471167,0.012682137834036567,0.012682137834036567,0.929,0.929
temporal_spd,Europe,4000,1,1,1,0.084,0.084,-7e-4,-7e-4,0.0724,0.0724,0.0127,0.0127,0.916,0.916,0.084,0.084,0,0,0.0714641598119859,0.0714641598119859,0.0125358401880141,0.0125358401880141,0.916,0.916
temporal_spd,Europe,4500,1,1,1,0.084,0.084,-6e-4,-6e-4,0.0776,0.0776,0.0067,0.0067,0.916,0.916,0.084,0.084,0,0,0.07732384341637011,0.07732384341637011,0.0066761565836298935,0.0066761565836298935,0.916,0.916
temporal_spd,Europe,5000,1,1,1,0.069,0.069,4e-4,4e-4,0.0604,0.0604,0.0082,0.0082,0.931,0.931,0.069,0.069,4e-4,4e-4,0.0604,0.0604,0.0082,0.0082,0.931,0.931
temporal_spd,Europe,5500,1,1,1,0.087,0.087,0.0016,0.0016,0.0878,0.0878,-0.002,-0.002,0.913,0.913,0.087,0.087,0.0015570469798657715,0.0015570469798657715,0.08544295302013422,0.08544295302013422,0,0,0.913,0.913
temporal_spd,Europe,6000,1,1,1,0.082,0.082,0.0076,0.0076,0.0666,0.0666,0.0081,0.0081,0.918,0.918,0.082,0.082,0.007572296476306197,0.007572296476306197,0.06635722964763063,0.06635722964763063,0.008070473876063184,0.008070473876063184,0.918,0.918
temporal_spd,Europe,6500,1,1,1,0.086,0.086,0.0167,0.0167,0.044,0.044,0.0254,0.0254,0.914,0.914,0.086,0.086,0.01668060394889663,0.01668060394889663,0.043948896631823456,0.043948896631823456,0.025370499419279907,0.025370499419279907,0.914,0.914
temporal_spd,Europe,7000,1,1,1,0.086,0.086,0.0077,0.0077,0.0589,0.0589,0.0196,0.0196,0.914,0.914,0.086,0.086,0.007682134570765661,0.007682134570765661,0.05876334106728538,0.05876334106728538,0.019554524361948954,0.019554524361948954,0.914,0.914
temporal_spd,Europe,7500,1,1,1,0.119,0.119,0.0431,0.0431,0.0524,0.0524,0.0233,0.0233,0.881,0.881,0.119,0.119,0.04317255892255892,0.04317255892255892,0.05248821548821548,0.05248821548821548,0.023339225589225587,0.023339225589225587,0.881,0.881
temporal_spd,Europe,8000,1,1,1,0.094,0.094,0.0165,0.0165,0.0794,0.0794,-0.002,-0.002,0.906,0.906,0.094,0.094,0.016173096976016686,0.016173096976016686,0.07782690302398332,0.07782690302398332,0,0,0.906,0.906
temporal_spd,Europe,8500,1,1,1,0.078,0.078,0.0029,0.0029,0.0626,0.0626,0.0121,0.0121,0.922,0.922,0.078,0.078,0.002914948453608247,0.002914948453608247,0.06292268041237113,0.06292268041237113,0.012162371134020617,0.012162371134020617,0.922,0.922
temporal_spd,Latin America,2000,1,1,1,0.153,0.153,-0.0011,-0.0011,0.1454,0.1454,0.0083,0.0083,0.847,0.847,0.153,0.153,0,0,0.14473780091086533,0.14473780091086533,0.008262199089134678,0.008262199089134678,0.847,0.847
temporal_spd,Latin America,2500,1,1,1,0.152,0.152,-5e-4,-5e-4,0.1381,0.1381,0.0145,0.0145,0.848,0.848,0.152,0.152,0,0,0.1375570117955439,0.1375570117955439,0.014442988204456095,0.014442988204456095,0.848,0.848
temporal_spd,Latin America,3000,1,1,1,0.193,0.193,0.0156,0.0156,0.1903,0.1903,-0.0131,-0.0131,0.8069999999999999,0.8069999999999999,0.193,0.193,0.014622632345798933,0.014622632345798933,0.1783773676542011,0.1783773676542011,0,0,0.8069999999999999,0.8069999999999999
temporal_spd,Latin America,3500,1,1,1,0.207,0.207,0.0261,0.0261,0.2043,0.2043,-0.0231,-0.0231,0.793,0.793,0.207,0.207,0.023449218749999997,0.023449218749999997,0.18355078125,0.18355078125,0,0,0.793,0.793
temporal_spd,Latin America,4000,1,1,1,0.218,0.218,0.0389,0.0389,0.2032,0.2032,-0.0237,-0.0237,0.782,0.782,0.218,0.218,0.03502767451466336,0.03502767451466336,0.18297232548533665,0.18297232548533665,0,0,0.782,0.782
temporal_spd,Latin America,4500,1,1,1,0.197,0.197,0.0212,0.0212,0.187,0.187,-0.0109,-0.0109,0.8029999999999999,0.8029999999999999,0.197,0.197,0.020059558117195005,0.020059558117195005,0.176940441882805,0.176940441882805,0,0,0.8029999999999999,0.8029999999999999
temporal_spd,Latin America,5000,1,1,1,0.207,0.207,0.0388,0.0388,0.1957,0.1957,-0.0272,-0.0272,0.793,0.793,0.207,0.207,0.034249893390191896,0.034249893390191896,0.1727501066098081,0.1727501066098081,0,0,0.793,0.793
temporal_spd,Latin America,5500,1,1,1,0.178,0.178,0.0135,0.0135,0.1725,0.1725,-0.0081,-0.0081,0.8220000000000001,0.8220000000000001,0.178,0.178,0.012919354838709676,0.012919354838709676,0.16508064516129028,0.16508064516129028,0,0,0.8220000000000001,0.8220000000000001
temporal_spd,Latin America,6000,1,1,1,0.165,0.165,0.016,0.016,0.162,0.162,-0.0128,-0.0128,0.835,0.835,0.165,0.165,0.014831460674157304,0.014831460674157304,0.1501685393258427,0.1501685393258427,0,0,0.835,0.835
temporal_spd,Latin America,6500,1,1,1,0.159,0.159,-0.0045,-0.0045,0.1629,0.1629,2e-4,2e-4,0.841,0.841,0.159,0.159,0,0,0.1588050275904353,0.1588050275904353,1.9497240956468427e-4,1.9497240956468427e-4,0.841,0.841
temporal_spd,Latin America,7000,1,1,1,0.128,0.128,0.0025,0.0025,0.1181,0.1181,0.0078,0.0078,0.872,0.872,0.128,0.128,0.002492211838006231,0.002492211838006231,0.11773208722741434,0.11773208722741434,0.00777570093457944,0.00777570093457944,0.872,0.872
temporal_spd,Latin America,7500,1,1,1,0.156,0.156,0.0136,0.0136,0.1567,0.1567,-0.0143,-0.0143,0.844,0.844,0.156,0.156,0.012458015267175571,0.012458015267175571,0.14354198473282442,0.14354198473282442,0,0,0.844,0.844
temporal_spd,Latin America,8000,1,1,1,0.172,0.172,0.0572,0.0572,0.1246,0.1246,-0.0096,-0.0096,0.8280000000000001,0.8280000000000001,0.172,0.172,0.05411661166116611,0.05411661166116611,0.11788338833883387,0.11788338833883387,0,0,0.8280000000000001,0.8280000000000001
temporal_spd,Latin America,8500,1,1,1,0.137,0.137,0.0166,0.0166,0.1343,0.1343,-0.0138,-0.0138,0.863,0.863,0.137,0.137,0.015070907886017232,0.015070907886017232,0.12192909211398278,0.12192909211398278,0,0,0.863,0.863
temporal_spd,North America,2000,1,1,1,0.103,0.103,0.0024,0.0024,0.0949,0.0949,0.0059,0.0059,0.897,0.897,0.103,0.103,0.002395348837209302,0.002395348837209302,0.09471608527131782,0.09471608527131782,0.005888565891472868,0.005888565891472868,0.897,0.897
temporal_spd,North America,2500,1,1,1,0.109,0.109,0.0078,0.0078,0.1,0.1,8e-4,8e-4,0.891,0.891,0.109,0.109,0.007828729281767956,0.007828729281767956,0.10036832412523021,0.10036832412523021,8.029465930018417e-4,8.029465930018417e-4,0.891,0.891
temporal_spd,North America,3000,1,1,1,0.114,0.114,0.01,0.01,0.1022,0.1022,0.0022,0.0022,0.886,0.886,0.114,0.114,0.009965034965034966,0.009965034965034966,0.10184265734265736,0.10184265734265736,0.0021923076923076926,0.0021923076923076926,0.886,0.886
temporal_spd,North America,3500,1,1,1,0.104,0.104,0.0024,0.0024,0.0988,0.0988,0.0028,0.0028,0.896,0.896,0.104,0.104,0.0024,0.0024,0.0988,0.0988,0.0028,0.0028,0.896,0.896
temporal_spd,North America,4000,1,1,1,0.098,0.098,0.007,0.007,0.0846,0.0846,0.0066,0.0066,0.902,0.902,0.098,0.098,0.0069857433808553976,0.0069857433808553976,0.08442769857433809,0.08442769857433809,0.006586558044806518,0.006586558044806518,0.902,0.902
temporal_spd,North America,4500,1,1,1,0.107,0.107,0.0079,0.0079,0.0968,0.0968,0.0027,0.0027,0.893,0.893,0.107,0.107,0.007870577281191808,0.007870577281191808,0.09643947858472998,0.09643947858472998,0.0026899441340782126,0.0026899441340782126,0.893,0.893
temporal_spd,North America,5000,1,1,1,0.108,0.108,0.0064,0.0064,0.1008,0.1008,6e-4,6e-4,0.892,0.892,0.108,0.108,0.006411873840445269,0.006411873840445269,0.10098701298701299,0.10098701298701299,6.011131725417438e-4,6.011131725417438e-4,0.892,0.892
temporal_spd,North America,5500,1,1,1,0.098,0.098,0.0111,0.0111,0.0867,0.0867,5e-4,5e-4,0.902,0.902,0.098,0.098,0.011066124109867754,0.011066124109867754,0.0864354018311292,0.0864354018311292,4.98474059003052e-4,4.98474059003052e-4,0.902,0.902
temporal_spd,North America,6000,1,1,1,0.106,0.106,0.0117,0.0117,0.0922,0.0922,0.0017,0.0017,0.894,0.894,0.106,0.106,0.01174431818181818,0.01174431818181818,0.09254924242424242,0.09254924242424242,0.0017064393939393936,0.0017064393939393936,0.894,0.894
temporal_spd,North America,6500,1,1,1,0.104,0.104,0.0093,0.0093,0.0945,0.0945,-2e-4,-2e-4,0.896,0.896,0.104,0.104,0.009317919075144508,0.009317919075144508,0.0946820809248555,0.0946820809248555,0,0,0.896,0.896
temporal_spd,North America,7000,1,1,1,0.106,0.106,0.0107,0.0107,0.0925,0.0925,0.0027,0.0027,0.894,0.894,0.106,0.106,0.010710103871576959,0.010710103871576959,0.09258734655335221,0.09258734655335221,0.0027025495750708215,0.0027025495750708215,0.894,0.894
temporal_spd,North America,7500,1,1,1,0.104,0.104,0.0101,0.0101,0.0907,0.0907,0.0034,0.0034,0.896,0.896,0.104,0.104,0.010080614203454893,0.010080614203454893,0.09052591170825336,0.09052591170825336,0.0033934740882917464,0.0033934740882917464,0.896,0.896
temporal_spd,North America,8000,1,1,1,0.125,0.125,0.0078,0.0078,0.1195,0.1195,-0.0024,-0.0024,0.875,0.875,0.125,0.125,0.007659073055773763,0.007659073055773763,0.11734092694422624,0.11734092694422624,0,0,0.875,0.875
temporal_spd,North America,8500,1,1,1,0.12,0.12,0.0042,0.0042,0.1145,0.1145,0.001,0.001,0.88,0.88,0.12,0.12,0.004210526315789474,0.004210526315789474,0.11478696741854637,0.11478696741854637,0.0010025062656641604,0.0010025062656641604,0.88,0.88
temporal_spd,Oceania,2000,1,1,1,0.032,0.032,0.0088,0.0088,-0.006,-0.006,0.0287,0.0287,0.968,0.968,0.032,0.032,0.007509333333333334,0.007509333333333334,0,0,0.024490666666666668,0.024490666666666668,0.968,0.968
temporal_spd,Oceania,2500,1,1,1,0.102,0.102,0.0038,0.0038,0.0608,0.0608,0.0372,0.0372,0.898,0.898,0.102,0.102,0.003807465618860511,0.003807465618860511,0.060919449901768175,0.060919449901768175,0.03727308447937131,0.03727308447937131,0.898,0.898
temporal_spd,Oceania,3000,1,1,1,0.153,0.153,0.0235,0.0235,0.1162,0.1162,0.0137,0.0137,0.847,0.847,0.153,0.153,0.0234387222946545,0.0234387222946545,0.11589700130378097,0.11589700130378097,0.013664276401564538,0.013664276401564538,0.847,0.847
temporal_spd,Oceania,3500,1,1,1,0.16,0.16,0.0216,0.0216,0.1327,0.1327,0.0054,0.0054,0.84,0.84,0.16,0.16,0.021640576080150284,0.021640576080150284,0.13294927989981217,0.13294927989981217,0.005410144020037571,0.005410144020037571,0.84,0.84
temporal_spd,Oceania,4000,1,1,1,0.106,0.106,0.0011,0.0011,0.0867,0.0867,0.018,0.018,0.894,0.894,0.106,0.106,0.0011020793950850662,0.0011020793950850662,0.08686389413988659,0.08686389413988659,0.018034026465028354,0.018034026465028354,0.894,0.894
temporal_spd,Oceania,4500,1,1,1,0.123,0.123,4e-4,4e-4,0.1142,0.1142,0.0088,0.0088,0.877,0.877,0.123,0.123,3.9870340356564025e-4,3.9870340356564025e-4,0.11382982171799028,0.11382982171799028,0.008771474878444086,0.008771474878444086,0.877,0.877
temporal_spd,Oceania,5000,1,1,1,0.076,0.076,-0.0023,-0.0023,0.0484,0.0484,0.0298,0.0298,0.924,0.924,0.076,0.076,0,0,0.0470383631713555,0.0470383631713555,0.028961636828644503,0.028961636828644503,0.924,0.924
temporal_spd,Oceania,5500,1,1,1,0.069,0.069,-0.0019,-0.0019,0.0556,0.0556,0.0151,0.0151,0.931,0.931,0.069,0.069,0,0,0.05426308345120226,0.05426308345120226,0.014736916548797739,0.014736916548797739,0.931,0.931
temporal_spd,Oceania,6000,1,1,1,0.068,0.068,-0.0025,-0.0025,0.0676,0.0676,0.0024,0.0024,0.9319999999999999,0.9319999999999999,0.068,0.068,0,0,0.06566857142857144,0.06566857142857144,0.0023314285714285715,0.0023314285714285715,0.9319999999999999,0.9319999999999999
temporal_spd,Oceania,6500,1,1,1,0.074,0.074,-0.0143,-0.0143,0.0847,0.0847,0.0037,0.0037,0.926,0.926,0.074,0.074,0,0,0.0709027149321267,0.0709027149321267,0.0030972850678733033,0.0030972850678733033,0.926,0.926
temporal_spd,Oceania,7000,1,1,1,-0.007,-0.007,-0.0166,-0.0166,0.0038,0.0038,0.0056,0.0056,1.007,1.007,0,0,0,0,0,0,0,0,1,1
temporal_spd,Oceania,7500,1,1,1,0.051,0.051,-0.0064,-0.0064,0.059,0.059,-0.0012,-0.0012,0.949,0.949,0.051,0.051,0,0,0.051,0.051,0,0,0.949,0.949
temporal_spd,Oceania,8000,1,1,1,0.083,0.083,6e-4,6e-4,0.0868,0.0868,-0.0043,-0.0043,0.917,0.917,0.083,0.083,5.697940503432493e-4,5.697940503432493e-4,0.08243020594965675,0.08243020594965675,0,0,0.917,0.917
temporal_spd,Oceania,8500,1,1,1,0.141,0.141,0.0061,0.0061,0.1462,0.1462,-0.0115,-0.0115,0.859,0.859,0.141,0.141,0.005647406434668418,0.005647406434668418,0.13535259356533158,0.13535259356533158,0,0,0.859,0.859
