analysis,region,climatezone,n_models,n_available,n_accounting_valid,total_adjusted_r_squared_sum,total_adjusted_r_squared_mean,unique_human_sum,unique_human_mean,unique_climate_sum,unique_climate_mean,shared_sum,shared_mean,unexplained_sum,unexplained_mean,bounded_total_adjusted_r_squared_sum,bounded_total_adjusted_r_squared_mean,bounded_unique_human_sum,bounded_unique_human_mean,bounded_unique_climate_sum,bounded_unique_climate_mean,bounded_shared_sum,bounded_shared_mean,bounded_unexplained_sum,bounded_unexplained_mean
spatial_events,Asia,Arid,32,10,10,3.547,0.3547,1.0027,0.10027,1.361,0.1361,1.1831,0.11831,6.452999999999999,0.6453,3.575,0.3575,0.9538777662812797,0.09538777662812797,1.3068798840482199,0.130687988404822,1.3142423496705002,0.13142423496705002,6.425,0.6425
spatial_events,Asia,Cold_Dry_Summer,8,3,3,1.718,0.5726666666666667,0.4484,0.14946666666666666,0.7582,0.25273333333333337,0.5111,0.17036666666666667,1.282,0.42733333333333334,1.718,0.5726666666666667,0.448335639070977,0.14944521302365898,0.758487926771883,0.252829308923961,0.5111764341571398,0.1703921447190466,1.282,0.42733333333333334
spatial_events,Asia,Cold_Dry_Winter,35,5,5,2.245,0.449,0.6534,0.13068,0.9891,0.19782,0.6031,0.12062,2.755,0.5509999999999999,2.245,0.449,0.6340609389815187,0.12681218779630377,0.9358972666559235,0.1871794533311847,0.6750417943625577,0.13500835887251156,2.755,0.5509999999999999
spatial_events,Asia,Cold_Without_dry_season_Cold_Summer,34,3,3,1.33,0.44333333333333336,0.014599999999999993,0.004866666666666665,0.6817,0.22723333333333334,0.6341,0.21136666666666667,1.67,0.5566666666666666,1.33,0.44333333333333336,0.07003801945181255,0.023346006483937518,0.6546727877606929,0.21822426258689764,0.6052891927874946,0.20176306426249818,1.67,0.5566666666666666
spatial_events,Asia,Cold_Without_dry_season_Hot_Summer,2,1,1,0.282,0.282,0.0588,0.0588,0.1601,0.1601,0.0626,0.0626,0.718,0.718,0.282,0.282,0.058904440497335696,0.058904440497335696,0.1603843694493783,0.1603843694493783,0.06271119005328597,0.06271119005328597,0.718,0.718
spatial_events,Asia,Cold_Without_dry_season_Very_Cold_Summer,3,0,0,0,NA,0,NA,0,NA,0,NA,0,NA,0,NA,0,NA,0,NA,0,NA,0,NA
spatial_events,Asia,Cold_Without_dry_season_Warm_Summer,19,6,6,2.305,0.38416666666666666,0.6372,0.1062,1.532,0.25533333333333336,0.137,0.022833333333333337,3.6950000000000003,0.6158333333333333,2.305,0.38416666666666666,0.5619766588492134,0.09366277647486891,1.35528971707752,0.22588161951292,0.3877336240732665,0.06462227067887774,3.6950000000000003,0.6158333333333333
spatial_events,Asia,Polar,20,8,8,2.946,0.36825,0.682,0.08525,1.6885,0.2110625,0.5753999999999999,0.07192499999999999,5.053999999999999,0.6317499999999999,2.946,0.36825,0.5236707457053547,0.06545884321316933,1.4903204223280284,0.18629005279100355,0.932008831966617,0.11650110399582712,5.053999999999999,0.6317499999999999
spatial_events,Asia,Temperate_Dry_Summer,5,5,5,2.425,0.485,0.416,0.0832,0.5618000000000001,0.11236,1.4457,0.28914,2.575,0.515,2.425,0.485,0.5331177051552178,0.10662354103104357,0.5393380052131088,0.10786760104262176,1.3525442896316733,0.2705088579263346,2.575,0.515
spatial_events,Asia,Temperate_Dry_Winter,9,1,1,0.731,0.731,0.0995,0.0995,0.5742,0.5742,0.0577,0.0577,0.269,0.269,0.731,0.731,0.09944558381186765,0.09944558381186765,0.5738859721082854,0.5738859721082854,0.057668444079846864,0.057668444079846864,0.269,0.269
spatial_events,Asia,Temperate_Without_dry_season,9,4,4,1.895,0.47375,0.251,0.06275,1.2385,0.309625,0.4057,0.101425,2.105,0.52625,1.895,0.47375,0.2483281869835498,0.06208204674588745,1.158639392206561,0.28965984805164025,0.48803242080988907,0.12200810520247227,2.105,0.52625
spatial_events,Asia,Tropical,1,0,0,0,NA,0,NA,0,NA,0,NA,0,NA,0,NA,0,NA,0,NA,0,NA,0,NA
spatial_events,Europe,Arid,7,6,6,3.039,0.5065,1.1003,0.18338333333333334,1.2792000000000001,0.2132,0.6595,0.10991666666666666,2.961,0.4935,3.039,0.5065,1.0896256800009518,0.18160428000015866,1.239546146316552,0.20659102438609198,0.709828173682496,0.11830469561374933,2.961,0.4935
spatial_events,Europe,Cold_Dry_Summer,4,0,0,0,NA,0,NA,0,NA,0,NA,0,NA,0,NA,0,NA,0,NA,0,NA,0,NA
spatial_events,Europe,Cold_Without_dry_season_Cold_Summer,95,28,28,11.143,0.3979642857142857,2.4331,0.08689642857142857,5.7918,0.20685,2.9165,0.10416071428571429,16.857,0.6020357142857142,11.143,0.3979642857142857,2.513795368917228,0.08977840603275813,5.612035753095679,0.20042984832484564,3.017168877987094,0.10775603135668194,16.857,0.6020357142857142
spatial_events,Europe,Cold_Without_dry_season_Warm_Summer,153,48,48,18.837,0.3924375,8.5926,0.1790125,5.8906,0.12272083333333333,4.3545,0.09071875,29.163,0.6075625,18.882,0.393375,7.827584973472049,0.16307468694733435,5.9305039797304255,0.12355216624438387,5.1239110467975255,0.10674814680828178,29.118,0.606625
spatial_events,Europe,Polar,30,8,8,3.305,0.413125,1.2878,0.160975,0.5023,0.0627875,1.514,0.18925,4.695,0.586875,3.367,0.420875,1.2560186487003133,0.15700233108753917,0.826213197597616,0.103276649699702,1.2847681537020705,0.16059601921275882,4.633,0.579125
spatial_events,Europe,Temperate_Dry_Summer,14,7,7,3.229,0.4612857142857143,0.8872,0.12674285714285713,1.3581,0.19401428571428572,0.9845,0.14064285714285715,3.771,0.5387142857142857,3.229,0.4612857142857143,0.8186152450123901,0.11694503500177002,1.300218421459859,0.18574548877997987,1.110166333527751,0.15859519050396442,3.771,0.5387142857142857
spatial_events,Europe,Temperate_Without_dry_season,93,37,37,16.925,0.4574324324324324,6.7155000000000005,0.1815,6.347,0.17154054054054055,3.862,0.10437837837837838,20.075,0.5425675675675675,16.938,0.45778378378378376,6.329238079736415,0.17106048864152473,6.397255632883785,0.17289880088875093,4.2115062873798,0.11382449425350812,20.062,0.5422162162162162
spatial_events,Latin America,Arid,6,0,0,0,NA,0,NA,0,NA,0,NA,0,NA,0,NA,0,NA,0,NA,0,NA,0,NA
spatial_events,Latin America,Cold_Dry_Summer,2,1,1,0.24,0.24,0.0502,0.0502,-0.0912,-0.0912,0.2813,0.2813,0.76,0.76,0.24,0.24,0.036343891402714934,0.036343891402714934,0,0,0.20365610859728506,0.20365610859728506,0.76,0.76
spatial_events,Latin America,Polar,26,7,7,1.794,0.2562857142857143,0.2639,0.0377,1.6729,0.2389857142857143,-0.14250000000000002,-0.02035714285714286,5.206,0.7437142857142858,1.794,0.2562857142857143,0.27292850736759366,0.038989786766799095,1.4193608846929633,0.20276584067042333,0.10171060793944306,0.014530086848491866,5.206,0.7437142857142858
spatial_events,Latin America,Temperate_Dry_Summer,9,5,5,1.657,0.3314,0.0695,0.0139,1.4235,0.2847,0.1648,0.03296,3.343,0.6686000000000001,1.657,0.3314,0.17078085387892833,0.034156170775785664,1.2874185073426214,0.2574837014685243,0.19880063877845036,0.03976012775569007,3.343,0.6686000000000001
spatial_events,Latin America,Temperate_Dry_Winter,6,1,1,0.385,0.385,0.0635,0.0635,0.3822,0.3822,-0.0609,-0.0609,0.615,0.615,0.385,0.385,0.05485191833071573,0.05485191833071573,0.3301480816692843,0.3301480816692843,0,0,0.615,0.615
spatial_events,Latin America,Temperate_Without_dry_season,18,8,8,2.477,0.309625,0.2212,0.02765,1.7991,0.2248875,0.45589999999999997,0.056987499999999996,5.523,0.690375,2.477,0.309625,0.3960213239507305,0.04950266549384131,1.7049499533525951,0.2131187441690744,0.3760287226966744,0.0470035903370843,5.523,0.690375
spatial_events,Latin America,Tropical,20,9,9,3.499,0.3887777777777778,0.9307,0.1034111111111111,2.2811,0.25345555555555555,0.2875,0.03194444444444444,5.501,0.6112222222222222,3.499,0.3887777777777778,1.0361741694823738,0.11513046327581933,2.054881275451347,0.22832014171681633,0.4079445550662794,0.04532717278514216,5.501,0.6112222222222222
spatial_events,North America,Arid,17,2,2,0.46499999999999997,0.23249999999999998,0.2753,0.13765,0.2236,0.1118,-0.0344,-0.0172,1.5350000000000001,0.7675000000000001,0.46499999999999997,0.23249999999999998,0.27762085620197585,0.13881042810098793,0.15659557543505664,0.07829778771752832,0.030783568362967504,0.015391784181483752,1.5350000000000001,0.7675000000000001
spatial_events,North America,Cold_Dry_Summer,50,0,0,0,NA,0,NA,0,NA,0,NA,0,NA,0,NA,0,NA,0,NA,0,NA,0,NA
spatial_events,North America,Cold_Without_dry_season_Cold_Summer,142,0,0,0,NA,0,NA,0,NA,0,NA,0,NA,0,NA,0,NA,0,NA,0,NA,0,NA
spatial_events,North America,Cold_Without_dry_season_Hot_Summer,53,5,5,2.936,0.5872,0.5053,0.10106,2.3811,0.47622,0.048799999999999996,0.009759999999999998,2.064,0.4128,2.936,0.5872,0.4836740515290223,0.09673481030580446,2.264497015725273,0.4528994031450546,0.18782893274570447,0.037565786549140896,2.064,0.4128
spatial_events,North America,Cold_Without_dry_season_Warm_Summer,195,18,18,7.26,0.4033333333333333,1.3316000000000001,0.07397777777777778,4.7415,0.2634166666666667,1.1869,0.0659388888888889,10.74,0.5966666666666667,7.305,0.4058333333333333,1.1660505149088274,0.06478058416160151,4.618409249799565,0.25657829165553137,1.5205402352916082,0.08447445751620046,10.695,0.5941666666666666
spatial_events,North America,Polar,38,0,0,0,NA,0,NA,0,NA,0,NA,0,NA,0,NA,0,NA,0,NA,0,NA,0,NA
spatial_events,North America,Temperate_Dry_Summer,17,1,1,0.11,0.11,-0.0084,-0.0084,0.0656,0.0656,0.0524,0.0524,0.89,0.89,0.11,0.11,0,0,0.061152542372881355,0.061152542372881355,0.048847457627118646,0.048847457627118646,0.89,0.89
spatial_events,North America,Temperate_Without_dry_season,41,4,4,0.976,0.244,0.2773,0.069325,0.33609999999999995,0.08402499999999999,0.3623,0.090575,3.024,0.756,1.185,0.29625,0.3443318714757056,0.0860829678689264,0.5825269702085374,0.14563174255213435,0.258141158315757,0.06453528957893925,2.815,0.70375
spatial_events,North America,Tropical,1,0,0,0,NA,0,NA,0,NA,0,NA,0,NA,0,NA,0,NA,0,NA,0,NA,0,NA
spatial_events,Oceania,Arid,1,1,1,0.402,0.402,0.1608,0.1608,0.2629,0.2629,-0.0221,-0.0221,0.598,0.598,0.402,0.402,0.15256455038942648,0.15256455038942648,0.24943544961057354,0.24943544961057354,0,0,0.598,0.598
spatial_events,Oceania,Cold_Without_dry_season_Cold_Summer,1,1,1,0.216,0.216,0.1161,0.1161,0.0761,0.0761,0.0234,0.0234,0.784,0.784,0.216,0.216,0.11631539888682747,0.11631539888682747,0.07624118738404453,0.07624118738404453,0.023443413729128018,0.023443413729128018,0.784,0.784
spatial_events,Oceania,Cold_Without_dry_season_Warm_Summer,2,1,1,0.172,0.172,-0.0656,-0.0656,0.1734,0.1734,0.0643,0.0643,0.8280000000000001,0.8280000000000001,0.172,0.172,0,0,0.12547244425746737,0.12547244425746737,0.046527555742532596,0.046527555742532596,0.8280000000000001,0.8280000000000001
spatial_events,Oceania,Polar,2,1,1,0.4,0.4,-0.0055,-0.0055,0.3439,0.3439,0.0617,0.0617,0.6,0.6,0.4,0.4,0,0,0.3391518737672584,0.3391518737672584,0.06084812623274163,0.06084812623274163,0.6,0.6
spatial_events,Oceania,Temperate_Dry_Summer,1,1,1,0.29,0.29,0.1053,0.1053,0.0366,0.0366,0.148,0.148,0.71,0.71,0.29,0.29,0.10533632286995515,0.10533632286995515,0.03661262504311831,0.03661262504311831,0.1480510520869265,0.1480510520869265,0.71,0.71
spatial_events,Oceania,Temperate_Dry_Winter,1,1,1,0.254,0.254,0.0224,0.0224,0.2192,0.2192,0.0126,0.0126,0.746,0.746,0.254,0.254,0.022382376081825334,0.022382376081825334,0.21902753737214792,0.21902753737214792,0.012590086546026752,0.012590086546026752,0.746,0.746
spatial_events,Oceania,Temperate_Without_dry_season,32,14,14,7.364,0.526,1.684,0.12028571428571429,3.0589,0.21849285714285716,2.6208,0.1872,6.636,0.47400000000000003,7.364,0.526,1.6957943969778488,0.12112817121270349,3.108907930378357,0.22206485216988261,2.5592976726437944,0.18280697661741388,6.636,0.47400000000000003
spatial_events,Oceania,Tropical,8,2,2,1.117,0.5585,0.2618,0.1309,0.6975,0.34875,0.15810000000000002,0.07905000000000001,0.883,0.4415,1.117,0.5585,0.28776460972619533,0.14388230486309767,0.6770944236086913,0.33854721180434566,0.1521409666651133,0.07607048333255664,0.883,0.4415
spatial_spd,Asia,Arid,32,21,21,5.844,0.2782857142857143,0.9274,0.04416190476190476,4.3745,0.2083095238095238,0.5413,0.025776190476190473,15.156,0.7217142857142858,5.998,0.2856190476190476,0.9218028217082521,0.043895372462297716,4.021370432578544,0.19149383012278778,1.0548267457132043,0.05022984503396211,15.002,0.7143809523809523
spatial_spd,Asia,Cold_Dry_Summer,8,4,4,1.369,0.34225,-0.048100000000000004,-0.012025000000000001,1.4946,0.37365,-0.07730000000000001,-0.019325000000000002,2.6310000000000002,0.6577500000000001,1.369,0.34225,0.007787502317819396,0.001946875579454849,1.3381246270622347,0.33453115676555867,0.023087870619946087,0.005771967654986522,2.6310000000000002,0.6577500000000001
spatial_spd,Asia,Cold_Dry_Winter,35,23,23,7.931,0.3448260869565217,0.5942000000000001,0.025834782608695653,6.5608,0.28525217391304347,0.7739,0.033647826086956524,15.068999999999999,0.6551739130434783,8.091,0.3517826086956522,0.7636998099469126,0.03320433956290924,6.146814365346736,0.26725279849333633,1.1804858247063517,0.051325470639406595,14.909,0.6482173913043479
spatial_spd,Asia,Cold_Without_dry_season_Cold_Summer,34,9,9,3.8040000000000003,0.4226666666666667,0.010100000000000001,0.0011222222222222224,3.1586,0.3509555555555556,0.6343,0.07047777777777778,5.196,0.5773333333333334,3.8040000000000003,0.4226666666666667,0.2600924885091468,0.028899165389905203,2.988163733184081,0.332018192576009,0.5557437783067722,0.06174930870075247,5.196,0.5773333333333334
spatial_spd,Asia,Cold_Without_dry_season_Hot_Summer,2,1,1,0.216,0.216,0.0879,0.0879,0.086,0.086,0.0417,0.0417,0.784,0.784,0.216,0.216,0.0880630797773655,0.0880630797773655,0.08615955473098329,0.08615955473098329,0.0417773654916512,0.0417773654916512,0.784,0.784
spatial_spd,Asia,Cold_Without_dry_season_Very_Cold_Summer,3,0,0,0,NA,0,NA,0,NA,0,NA,0,NA,0,NA,0,NA,0,NA,0,NA,0,NA
spatial_spd,Asia,Cold_Without_dry_season_Warm_Summer,19,18,18,5.698,0.31655555555555553,0.14429999999999998,0.008016666666666667,4.8791,0.2710611111111111,0.6780999999999999,0.03767222222222222,12.302,0.6834444444444444,5.911,0.3283888888888889,0.4592199764258636,0.025512220912547977,4.482206132689767,0.24901145181609816,0.9695738908843696,0.05386521616024276,12.089,0.6716111111111112
spatial_spd,Asia,Polar,20,10,10,3.412,0.3412,0.3773,0.03773,2.628,0.2628,0.4081,0.04081,6.588,0.6588,3.412,0.3412,0.43834279724336533,0.04383427972433653,2.466074640008779,0.2466074640008779,0.5075825627478557,0.05075825627478557,6.588,0.6588
spatial_spd,Asia,Temperate_Dry_Summer,5,5,5,1.853,0.3706,-0.1548,-0.03096,1.7214,0.34428000000000003,0.2862,0.05724,3.1470000000000002,0.6294,1.853,0.3706,0,0,1.5811802735761435,0.3162360547152287,0.27181972642385643,0.05436394528477129,3.1470000000000002,0.6294
spatial_spd,Asia,Temperate_Dry_Winter,9,6,6,2.213,0.36883333333333335,0.8547,0.14245,0.8379,0.13965,0.5201,0.08668333333333333,3.787,0.6311666666666667,2.213,0.36883333333333335,0.8405208106036924,0.14008680176728208,0.8321248673718918,0.1386874778953153,0.5403543220244157,0.09005905367073594,3.787,0.6311666666666667
spatial_spd,Asia,Temperate_Without_dry_season,9,7,7,3.2600000000000002,0.46571428571428575,0.2177,0.0311,2.8884000000000003,0.41262857142857146,0.1538,0.021971428571428572,3.74,0.5342857142857143,3.2600000000000002,0.46571428571428575,0.28443700889193324,0.040633858413133314,2.735012924667816,0.39071613209540224,0.24055006644025104,0.03436429520575015,3.74,0.5342857142857143
spatial_spd,Asia,Tropical,1,0,0,0,NA,0,NA,0,NA,0,NA,0,NA,0,NA,0,NA,0,NA,0,NA,0,NA
spatial_spd,Europe,Arid,7,7,7,2.367,0.33814285714285713,-0.031100000000000003,-0.004442857142857143,2.5068,0.3581142857142857,-0.1089,-0.015557142857142856,4.633,0.6618571428571428,2.367,0.33814285714285713,0.08270669028092818,0.011815241468704026,2.2378885360540566,0.3196983622934366,0.04640477366501525,0.0066292533807164634,4.633,0.6618571428571428
spatial_spd,Europe,Cold_Dry_Summer,4,4,4,1.5350000000000001,0.38375000000000004,0.2821,0.070525,1.189,0.29725,0.0639,0.015975,2.465,0.61625,1.552,0.388,0.2175005236425618,0.05437513091064045,1.1373377195283005,0.28433442988207513,0.19716175682913764,0.04929043920728441,2.448,0.612
spatial_spd,Europe,Cold_Without_dry_season_Cold_Summer,95,94,94,31.953,0.3399255319148936,3.5522,0.03778936170212766,24.3455,0.2589946808510638,4.0525,0.04311170212765957,62.047,0.6600744680851064,32.201,0.34256382978723404,4.628168608730041,0.04923583626308554,22.467666494724135,0.23901772866727802,5.105164896545824,0.05431026485687047,61.799,0.6574361702127659
spatial_spd,Europe,Cold_Without_dry_season_Warm_Summer,153,153,153,45.614,0.29813071895424836,6.9321,0.0453078431372549,36.5403,0.23882549019607843,2.1457,0.014024183006535948,107.386,0.7018692810457516,46.689,0.305156862745098,7.083988679558797,0.04630057960495946,33.9479895923216,0.2218822849171346,5.657021728119608,0.03697399822300397,106.311,0.694843137254902
spatial_spd,Europe,Polar,30,30,30,10.23,0.34099999999999997,1.4609,0.048696666666666666,8.2768,0.2758933333333333,0.4906,0.016353333333333334,19.77,0.659,10.23,0.34099999999999997,1.287466516448667,0.0429155505482889,7.667028409578782,0.2555676136526261,1.2755050739725509,0.04251683579908503,19.77,0.659
spatial_spd,Europe,Temperate_Dry_Summer,14,14,14,4.423,0.31592857142857145,0.8726,0.06232857142857143,3.8257,0.27326428571428574,-0.2766,-0.01975714285714286,9.577,0.6840714285714286,4.423,0.31592857142857145,0.6484187130322192,0.04631562235944423,3.5062809722610138,0.2504486408757867,0.26830031470676674,0.019164308193340484,9.577,0.6840714285714286
spatial_spd,Europe,Temperate_Without_dry_season,93,93,93,34.503,0.371,9.6459,0.10371935483870967,21.2456,0.228447311827957,3.6076,0.03879139784946237,58.497,0.629,34.824,0.3744516129032258,8.709150564463807,0.09364678026305169,19.879403915781364,0.21375703135248778,6.235445519754829,0.06704780128768634,58.176,0.6255483870967742
spatial_spd,Latin America,Arid,6,5,5,1.441,0.2882,0.1252,0.02504,0.8043,0.16086,0.5118,0.10236,3.559,0.7118,1.441,0.2882,0.23836377255082164,0.047672754510164325,0.7322359030442909,0.14644718060885817,0.47040032440488744,0.09408006488097749,3.559,0.7118
spatial_spd,Latin America,Cold_Dry_Summer,2,2,2,0.675,0.3375,0.058300000000000005,0.029150000000000002,0.6646000000000001,0.33230000000000004,-0.0487,-0.02435,1.3250000000000002,0.6625000000000001,0.675,0.3375,0.051762727272727266,0.025881363636363633,0.6065372727272726,0.3032686363636363,0.0167,0.00835,1.3250000000000002,0.6625000000000001
spatial_spd,Latin America,Polar,26,24,24,9.023,0.37595833333333334,0.9801,0.0408375,6.8012,0.2833833333333333,1.2430999999999999,0.05179583333333333,14.977,0.6240416666666667,9.197,0.3832083333333333,1.2676537660919331,0.05281890692049721,6.48956933535966,0.2703987223066525,1.4397768985484067,0.059990704106183616,14.803,0.6167916666666666
spatial_spd,Latin America,Temperate_Dry_Summer,9,9,9,2.176,0.24177777777777779,-0.10569999999999999,-0.011744444444444445,2.1994,0.24437777777777778,0.0818,0.00908888888888889,6.824,0.7582222222222222,2.375,0.2638888888888889,0.11692493644340142,0.01299165960482238,2.0282512073815893,0.22536124526462104,0.22982385617500936,0.025535984019445485,6.625,0.7361111111111112
spatial_spd,Latin America,Temperate_Dry_Winter,6,2,2,0.7470000000000001,0.37350000000000005,0.0526,0.0263,0.4104,0.2052,0.2838,0.1419,1.2530000000000001,0.6265000000000001,0.7470000000000001,0.37350000000000005,0.09494057289439932,0.04747028644719966,0.38857089924469146,0.19428544962234573,0.26348852786090926,0.13174426393045463,1.2530000000000001,0.6265000000000001
spatial_spd,Latin America,Temperate_Without_dry_season,18,18,18,5.585,0.31027777777777776,0.8338,0.04632222222222222,3.5722,0.19845555555555555,1.1795,0.06552777777777778,12.415,0.6897222222222222,5.62,0.31222222222222223,1.1674587671901977,0.06485882039945542,3.286158503134375,0.18256436128524306,1.1663827296754272,0.06479904053752374,12.379999999999999,0.6877777777777778
spatial_spd,Latin America,Tropical,20,15,15,6.288,0.4192,0.8949,0.05966,3.4917,0.23278,1.9024,0.12682666666666667,8.712,0.5808,6.288,0.4192,1.052646140316152,0.07017640935441014,3.356204550517743,0.2237469700345162,1.8791493091661051,0.12527662061107367,8.712,0.5808
spatial_spd,North America,Arid,17,17,17,4.318,0.254,1.2603,0.07413529411764706,2.5236,0.1484470588235294,0.5351,0.03147647058823529,12.682,0.746,4.34,0.25529411764705884,1.0776510660511633,0.0633912391794802,2.2943689254535924,0.13496287796785839,0.9679800084952443,0.056940000499720256,12.66,0.7447058823529412
spatial_spd,North America,Cold_Dry_Summer,50,49,49,16.537,0.33748979591836736,3.2438000000000002,0.0662,10.0224,0.20453877551020408,3.2693,0.0667204081632653,32.463,0.6625102040816326,16.687,0.34055102040816326,3.6171643236461617,0.07381968007441146,9.617011930660796,0.19626554960532236,3.452823745693043,0.07046579072842944,32.313,0.6594489795918367
spatial_spd,North America,Cold_Without_dry_season_Cold_Summer,142,139,139,51.172,0.3681438848920863,5.1391,0.03697194244604317,35.8938,0.2582287769784173,10.1388,0.07294100719424461,87.828,0.6318561151079136,51.556,0.3709064748201439,6.05664374432417,0.04357297657787172,34.53405426309729,0.2484464335474625,10.965301992578544,0.07888706469480966,87.444,0.6290935251798561
spatial_spd,North America,Cold_Without_dry_season_Hot_Summer,53,53,53,19.405,0.3661320754716981,2.0986000000000002,0.03959622641509434,10.7814,0.20342264150943395,6.528,0.12316981132075472,33.595,0.6338679245283019,19.405,0.3661320754716981,2.534907395296283,0.047828441420684584,10.215717962355628,0.19274939551614392,6.65437464234809,0.12555423853486963,33.595,0.6338679245283019
spatial_spd,North America,Cold_Without_dry_season_Warm_Summer,195,195,195,80.13,0.41092307692307695,9.957,0.051061538461538464,42.5242,0.2180728205128205,27.6492,0.14179076923076922,114.87,0.589076923076923,80.14,0.41097435897435897,11.073269989121798,0.05678599994421434,41.174723735194895,0.21115242941125587,27.892006275683308,0.14303592961888875,114.86,0.589025641025641
spatial_spd,North America,Polar,38,37,37,12.329,0.3332162162162162,0.6744,0.018227027027027026,9.7518,0.26356216216216216,1.9057,0.05150540540540541,24.671,0.6667837837837838,12.4,0.33513513513513515,0.9748723866430739,0.0263479023417047,9.19353537929968,0.24847392917026165,2.2315922340572456,0.06031330362316881,24.6,0.6648648648648648
spatial_spd,North America,Temperate_Dry_Summer,17,17,17,4.481,0.2635882352941176,1.2287000000000001,0.07227647058823529,2.7712,0.16301176470588236,0.47919999999999996,0.028188235294117646,12.519,0.7364117647058823,4.484,0.26376470588235296,1.0453264787013987,0.061489792864788166,2.688250413595284,0.15813237727031082,0.7504231077033175,0.04414253574725397,12.516,0.7362352941176471
spatial_spd,North America,Temperate_Without_dry_season,41,39,39,12.519,0.321,2.9518,0.07568717948717948,5.7302,0.14692820512820512,3.8369,0.09838205128205128,26.481,0.679,12.539,0.3215128205128205,2.6935866975042866,0.06906632557703299,5.677164372404003,0.1455683172411283,4.1682489300917105,0.10687817769465924,26.461,0.6784871794871795
spatial_spd,North America,Tropical,1,0,0,0,NA,0,NA,0,NA,0,NA,0,NA,0,NA,0,NA,0,NA,0,NA,0,NA
spatial_spd,Oceania,Arid,1,1,1,0.345,0.345,0.1044,0.1044,0.2823,0.2823,-0.0414,-0.0414,0.655,0.655,0.345,0.345,0.09314197051978278,0.09314197051978278,0.2518580294802172,0.2518580294802172,0,0,0.655,0.655
spatial_spd,Oceania,Cold_Without_dry_season_Cold_Summer,1,1,1,0.019,0.019,-0.0809,-0.0809,-0.0245,-0.0245,0.1241,0.1241,0.981,0.981,0.019,0.019,0,0,0,0,0.019,0.019,0.981,0.981
spatial_spd,Oceania,Cold_Without_dry_season_Warm_Summer,2,1,1,0.162,0.162,-0.076,-0.076,-0.1452,-0.1452,0.3828,0.3828,0.838,0.838,0.162,0.162,0,0,0,0,0.162,0.162,0.838,0.838
spatial_spd,Oceania,Polar,2,0,0,0,NA,0,NA,0,NA,0,NA,0,NA,0,NA,0,NA,0,NA,0,NA,0,NA
spatial_spd,Oceania,Temperate_Dry_Summer,1,1,1,0.139,0.139,-0.046,-0.046,0.0489,0.0489,0.1357,0.1357,0.861,0.861,0.139,0.139,0,0,0.03682069339111593,0.03682069339111593,0.10217930660888408,0.10217930660888408,0.861,0.861
spatial_spd,Oceania,Temperate_Dry_Winter,1,1,1,0.264,0.264,0.0324,0.0324,0.1143,0.1143,0.1176,0.1176,0.736,0.736,0.264,0.264,0.03236322360953462,0.03236322360953462,0.11417026106696936,0.11417026106696936,0.11746651532349603,0.11746651532349603,0.736,0.736
spatial_spd,Oceania,Temperate_Without_dry_season,32,26,26,11.348,0.43646153846153846,1.4739,0.05668846153846154,5.8141,0.22361923076923076,4.0581,0.15608076923076925,14.652000000000001,0.5635384615384615,11.348,0.43646153846153846,1.7679738054125926,0.06799899251586894,5.9614543078506435,0.22928670414810168,3.6185718867367638,0.13917584179756784,14.652000000000001,0.5635384615384615
spatial_spd,Oceania,Tropical,8,5,5,1.718,0.3436,0.2955,0.0591,0.8344,0.16688,0.5884,0.11768,3.282,0.6564,1.7389999999999999,0.3478,0.3787266946019226,0.07574533892038451,0.896390405033425,0.17927808100668502,0.4638829003646523,0.09277658007293046,3.261,0.6522
