summary_index,summary_level,cohort,metric,contrast,n_source_rows,maximum_absolute_difference,reconciled
1,overall,as_coded,controlled_balance,events_minus_spd,61,0,TRUE
2,overall,observed_events_only,controlled_balance,events_minus_spd,61,0,TRUE
3,overall,as_coded,controlled_balance,spd_events_minus_spd,61,0,TRUE
4,overall,observed_events_only,controlled_balance,spd_events_minus_spd,61,0,TRUE
5,overall,as_coded,controlled_climate,events_minus_spd,61,0,TRUE
6,overall,observed_events_only,controlled_climate,events_minus_spd,61,0,TRUE
7,overall,as_coded,controlled_climate,spd_events_minus_spd,61,0,TRUE
8,overall,observed_events_only,controlled_climate,spd_events_minus_spd,61,0,TRUE
9,overall,as_coded,controlled_human,events_minus_spd,61,0,TRUE
10,overall,observed_events_only,controlled_human,events_minus_spd,61,0,TRUE
11,overall,as_coded,controlled_human,spd_events_minus_spd,61,0,TRUE
12,overall,observed_events_only,controlled_human,spd_events_minus_spd,61,0,TRUE
13,overall,as_coded,unique_adjusted_r2_pure_climate,events_minus_spd,61,0,TRUE
14,overall,observed_events_only,unique_adjusted_r2_pure_climate,events_minus_spd,61,0,TRUE
15,overall,as_coded,unique_adjusted_r2_pure_climate,spd_events_minus_spd,61,0,TRUE
16,overall,observed_events_only,unique_adjusted_r2_pure_climate,spd_events_minus_spd,61,0,TRUE
17,overall,as_coded,unique_adjusted_r2_pure_human,events_minus_spd,61,0,TRUE
18,overall,observed_events_only,unique_adjusted_r2_pure_human,events_minus_spd,61,0,TRUE
19,overall,as_coded,unique_adjusted_r2_pure_human,spd_events_minus_spd,61,0,TRUE
20,overall,observed_events_only,unique_adjusted_r2_pure_human,spd_events_minus_spd,61,0,TRUE
21,overall,as_coded,zero_allocation_climate,events_minus_spd,61,0,TRUE
22,overall,observed_events_only,zero_allocation_climate,events_minus_spd,61,0,TRUE
23,overall,as_coded,zero_allocation_climate,spd_events_minus_spd,61,0,TRUE
24,overall,observed_events_only,zero_allocation_climate,spd_events_minus_spd,61,0,TRUE
25,overall,as_coded,zero_allocation_human,events_minus_spd,61,0,TRUE
26,overall,observed_events_only,zero_allocation_human,events_minus_spd,61,0,TRUE
27,overall,as_coded,zero_allocation_human,spd_events_minus_spd,61,0,TRUE
28,overall,observed_events_only,zero_allocation_human,spd_events_minus_spd,61,0,TRUE
29,continent,as_coded,controlled_balance,events_minus_spd,14,0,TRUE
30,continent,observed_events_only,controlled_balance,events_minus_spd,14,0,TRUE
31,continent,as_coded,controlled_balance,spd_events_minus_spd,14,0,TRUE
32,continent,observed_events_only,controlled_balance,spd_events_minus_spd,14,0,TRUE
33,continent,as_coded,controlled_climate,events_minus_spd,14,0,TRUE
34,continent,observed_events_only,controlled_climate,events_minus_spd,14,0,TRUE
35,continent,as_coded,controlled_climate,spd_events_minus_spd,14,0,TRUE
36,continent,observed_events_only,controlled_climate,spd_events_minus_spd,14,0,TRUE
37,continent,as_coded,controlled_human,events_minus_spd,14,0,TRUE
38,continent,observed_events_only,controlled_human,events_minus_spd,14,0,TRUE
39,continent,as_coded,controlled_human,spd_events_minus_spd,14,0,TRUE
40,continent,observed_events_only,controlled_human,spd_events_minus_spd,14,0,TRUE
41,continent,as_coded,unique_adjusted_r2_pure_climate,events_minus_spd,14,0,TRUE
42,continent,observed_events_only,unique_adjusted_r2_pure_climate,events_minus_spd,14,0,TRUE
43,continent,as_coded,unique_adjusted_r2_pure_climate,spd_events_minus_spd,14,0,TRUE
44,continent,observed_events_only,unique_adjusted_r2_pure_climate,spd_events_minus_spd,14,0,TRUE
45,continent,as_coded,unique_adjusted_r2_pure_human,events_minus_spd,14,0,TRUE
46,continent,observed_events_only,unique_adjusted_r2_pure_human,events_minus_spd,14,0,TRUE
47,continent,as_coded,unique_adjusted_r2_pure_human,spd_events_minus_spd,14,0,TRUE
48,continent,observed_events_only,unique_adjusted_r2_pure_human,spd_events_minus_spd,14,0,TRUE
49,continent,as_coded,zero_allocation_climate,events_minus_spd,14,0,TRUE
50,continent,observed_events_only,zero_allocation_climate,events_minus_spd,14,0,TRUE
51,continent,as_coded,zero_allocation_climate,spd_events_minus_spd,14,0,TRUE
52,continent,observed_events_only,zero_allocation_climate,spd_events_minus_spd,14,0,TRUE
53,continent,as_coded,zero_allocation_human,events_minus_spd,14,0,TRUE
54,continent,observed_events_only,zero_allocation_human,events_minus_spd,14,0,TRUE
55,continent,as_coded,zero_allocation_human,spd_events_minus_spd,14,0,TRUE
56,continent,observed_events_only,zero_allocation_human,spd_events_minus_spd,14,0,TRUE
57,continent,as_coded,controlled_balance,events_minus_spd,14,0,TRUE
58,continent,observed_events_only,controlled_balance,events_minus_spd,14,0,TRUE
59,continent,as_coded,controlled_balance,spd_events_minus_spd,14,0,TRUE
60,continent,observed_events_only,controlled_balance,spd_events_minus_spd,14,0,TRUE
61,continent,as_coded,controlled_climate,events_minus_spd,14,0,TRUE
62,continent,observed_events_only,controlled_climate,events_minus_spd,14,0,TRUE
63,continent,as_coded,controlled_climate,spd_events_minus_spd,14,0,TRUE
64,continent,observed_events_only,controlled_climate,spd_events_minus_spd,14,0,TRUE
65,continent,as_coded,controlled_human,events_minus_spd,14,0,TRUE
66,continent,observed_events_only,controlled_human,events_minus_spd,14,0,TRUE
67,continent,as_coded,controlled_human,spd_events_minus_spd,14,0,TRUE
68,continent,observed_events_only,controlled_human,spd_events_minus_spd,14,0,TRUE
69,continent,as_coded,unique_adjusted_r2_pure_climate,events_minus_spd,14,0,TRUE
70,continent,observed_events_only,unique_adjusted_r2_pure_climate,events_minus_spd,14,0,TRUE
71,continent,as_coded,unique_adjusted_r2_pure_climate,spd_events_minus_spd,14,0,TRUE
72,continent,observed_events_only,unique_adjusted_r2_pure_climate,spd_events_minus_spd,14,0,TRUE
73,continent,as_coded,unique_adjusted_r2_pure_human,events_minus_spd,14,0,TRUE
74,continent,observed_events_only,unique_adjusted_r2_pure_human,events_minus_spd,14,0,TRUE
75,continent,as_coded,unique_adjusted_r2_pure_human,spd_events_minus_spd,14,0,TRUE
76,continent,observed_events_only,unique_adjusted_r2_pure_human,spd_events_minus_spd,14,0,TRUE
77,continent,as_coded,zero_allocation_climate,events_minus_spd,14,0,TRUE
78,continent,observed_events_only,zero_allocation_climate,events_minus_spd,14,0,TRUE
79,continent,as_coded,zero_allocation_climate,spd_events_minus_spd,14,0,TRUE
80,continent,observed_events_only,zero_allocation_climate,spd_events_minus_spd,14,0,TRUE
81,continent,as_coded,zero_allocation_human,events_minus_spd,14,0,TRUE
82,continent,observed_events_only,zero_allocation_human,events_minus_spd,14,0,TRUE
83,continent,as_coded,zero_allocation_human,spd_events_minus_spd,14,0,TRUE
84,continent,observed_events_only,zero_allocation_human,spd_events_minus_spd,14,0,TRUE
85,continent,as_coded,controlled_balance,events_minus_spd,14,0,TRUE
86,continent,observed_events_only,controlled_balance,events_minus_spd,14,0,TRUE
87,continent,as_coded,controlled_balance,spd_events_minus_spd,14,0,TRUE
88,continent,observed_events_only,controlled_balance,spd_events_minus_spd,14,0,TRUE
89,continent,as_coded,controlled_climate,events_minus_spd,14,0,TRUE
90,continent,observed_events_only,controlled_climate,events_minus_spd,14,0,TRUE
91,continent,as_coded,controlled_climate,spd_events_minus_spd,14,0,TRUE
92,continent,observed_events_only,controlled_climate,spd_events_minus_spd,14,0,TRUE
93,continent,as_coded,controlled_human,events_minus_spd,14,0,TRUE
94,continent,observed_events_only,controlled_human,events_minus_spd,14,0,TRUE
95,continent,as_coded,controlled_human,spd_events_minus_spd,14,0,TRUE
96,continent,observed_events_only,controlled_human,spd_events_minus_spd,14,0,TRUE
97,continent,as_coded,unique_adjusted_r2_pure_climate,events_minus_spd,14,0,TRUE
98,continent,observed_events_only,unique_adjusted_r2_pure_climate,events_minus_spd,14,0,TRUE
99,continent,as_coded,unique_adjusted_r2_pure_climate,spd_events_minus_spd,14,0,TRUE
100,continent,observed_events_only,unique_adjusted_r2_pure_climate,spd_events_minus_spd,14,0,TRUE
101,continent,as_coded,unique_adjusted_r2_pure_human,events_minus_spd,14,0,TRUE
102,continent,observed_events_only,unique_adjusted_r2_pure_human,events_minus_spd,14,0,TRUE
103,continent,as_coded,unique_adjusted_r2_pure_human,spd_events_minus_spd,14,0,TRUE
104,continent,observed_events_only,unique_adjusted_r2_pure_human,spd_events_minus_spd,14,0,TRUE
105,continent,as_coded,zero_allocation_climate,events_minus_spd,14,0,TRUE
106,continent,observed_events_only,zero_allocation_climate,events_minus_spd,14,0,TRUE
107,continent,as_coded,zero_allocation_climate,spd_events_minus_spd,14,0,TRUE
108,continent,observed_events_only,zero_allocation_climate,spd_events_minus_spd,14,0,TRUE
109,continent,as_coded,zero_allocation_human,events_minus_spd,14,0,TRUE
110,continent,observed_events_only,zero_allocation_human,events_minus_spd,14,0,TRUE
111,continent,as_coded,zero_allocation_human,spd_events_minus_spd,14,0,TRUE
112,continent,observed_events_only,zero_allocation_human,spd_events_minus_spd,14,0,TRUE
113,continent,as_coded,controlled_balance,events_minus_spd,14,0,TRUE
114,continent,observed_events_only,controlled_balance,events_minus_spd,14,0,TRUE
115,continent,as_coded,controlled_balance,spd_events_minus_spd,14,0,TRUE
116,continent,observed_events_only,controlled_balance,spd_events_minus_spd,14,0,TRUE
117,continent,as_coded,controlled_climate,events_minus_spd,14,0,TRUE
118,continent,observed_events_only,controlled_climate,events_minus_spd,14,0,TRUE
119,continent,as_coded,controlled_climate,spd_events_minus_spd,14,0,TRUE
120,continent,observed_events_only,controlled_climate,spd_events_minus_spd,14,0,TRUE
121,continent,as_coded,controlled_human,events_minus_spd,14,0,TRUE
122,continent,observed_events_only,controlled_human,events_minus_spd,14,0,TRUE
123,continent,as_coded,controlled_human,spd_events_minus_spd,14,0,TRUE
124,continent,observed_events_only,controlled_human,spd_events_minus_spd,14,0,TRUE
125,continent,as_coded,unique_adjusted_r2_pure_climate,events_minus_spd,14,0,TRUE
126,continent,observed_events_only,unique_adjusted_r2_pure_climate,events_minus_spd,14,0,TRUE
127,continent,as_coded,unique_adjusted_r2_pure_climate,spd_events_minus_spd,14,0,TRUE
128,continent,observed_events_only,unique_adjusted_r2_pure_climate,spd_events_minus_spd,14,0,TRUE
129,continent,as_coded,unique_adjusted_r2_pure_human,events_minus_spd,14,0,TRUE
130,continent,observed_events_only,unique_adjusted_r2_pure_human,events_minus_spd,14,0,TRUE
131,continent,as_coded,unique_adjusted_r2_pure_human,spd_events_minus_spd,14,0,TRUE
132,continent,observed_events_only,unique_adjusted_r2_pure_human,spd_events_minus_spd,14,0,TRUE
133,continent,as_coded,zero_allocation_climate,events_minus_spd,14,0,TRUE
134,continent,observed_events_only,zero_allocation_climate,events_minus_spd,14,0,TRUE
135,continent,as_coded,zero_allocation_climate,spd_events_minus_spd,14,0,TRUE
136,continent,observed_events_only,zero_allocation_climate,spd_events_minus_spd,14,0,TRUE
137,continent,as_coded,zero_allocation_human,events_minus_spd,14,0,TRUE
138,continent,observed_events_only,zero_allocation_human,events_minus_spd,14,0,TRUE
139,continent,as_coded,zero_allocation_human,spd_events_minus_spd,14,0,TRUE
140,continent,observed_events_only,zero_allocation_human,spd_events_minus_spd,14,0,TRUE
141,continent,as_coded,controlled_balance,events_minus_spd,5,0,TRUE
142,continent,observed_events_only,controlled_balance,events_minus_spd,5,0,TRUE
143,continent,as_coded,controlled_balance,spd_events_minus_spd,5,0,TRUE
144,continent,observed_events_only,controlled_balance,spd_events_minus_spd,5,0,TRUE
145,continent,as_coded,controlled_climate,events_minus_spd,5,0,TRUE
146,continent,observed_events_only,controlled_climate,events_minus_spd,5,0,TRUE
147,continent,as_coded,controlled_climate,spd_events_minus_spd,5,0,TRUE
148,continent,observed_events_only,controlled_climate,spd_events_minus_spd,5,0,TRUE
149,continent,as_coded,controlled_human,events_minus_spd,5,0,TRUE
150,continent,observed_events_only,controlled_human,events_minus_spd,5,0,TRUE
151,continent,as_coded,controlled_human,spd_events_minus_spd,5,0,TRUE
152,continent,observed_events_only,controlled_human,spd_events_minus_spd,5,0,TRUE
153,continent,as_coded,unique_adjusted_r2_pure_climate,events_minus_spd,5,0,TRUE
154,continent,observed_events_only,unique_adjusted_r2_pure_climate,events_minus_spd,5,0,TRUE
155,continent,as_coded,unique_adjusted_r2_pure_climate,spd_events_minus_spd,5,0,TRUE
156,continent,observed_events_only,unique_adjusted_r2_pure_climate,spd_events_minus_spd,5,0,TRUE
157,continent,as_coded,unique_adjusted_r2_pure_human,events_minus_spd,5,0,TRUE
158,continent,observed_events_only,unique_adjusted_r2_pure_human,events_minus_spd,5,0,TRUE
159,continent,as_coded,unique_adjusted_r2_pure_human,spd_events_minus_spd,5,0,TRUE
160,continent,observed_events_only,unique_adjusted_r2_pure_human,spd_events_minus_spd,5,0,TRUE
161,continent,as_coded,zero_allocation_climate,events_minus_spd,5,0,TRUE
162,continent,observed_events_only,zero_allocation_climate,events_minus_spd,5,0,TRUE
163,continent,as_coded,zero_allocation_climate,spd_events_minus_spd,5,0,TRUE
164,continent,observed_events_only,zero_allocation_climate,spd_events_minus_spd,5,0,TRUE
165,continent,as_coded,zero_allocation_human,events_minus_spd,5,0,TRUE
166,continent,observed_events_only,zero_allocation_human,events_minus_spd,5,0,TRUE
167,continent,as_coded,zero_allocation_human,spd_events_minus_spd,5,0,TRUE
168,continent,observed_events_only,zero_allocation_human,spd_events_minus_spd,5,0,TRUE
