summary_level,metric,contrast,cohort,n_units,n_finite,minimum,lower_quartile,median,mean,upper_quartile,maximum,n_negative,n_zero,n_positive,region
overall,controlled_balance,events_minus_spd,as_coded,61,61,-0.0505,-0.011200000000000002,-0.0031000000000000055,-6.852459016393449e-4,0.005400000000000002,0.06870000000000001,37,0,24,NA
overall,controlled_balance,events_minus_spd,observed_events_only,61,61,-0.056699999999999987,-0.010700000000000015,-0.0020000000000000018,0.0017426229508196724,0.010000000000000009,0.06870000000000001,33,0,28,NA
overall,controlled_balance,spd_events_minus_spd,as_coded,61,61,-0.010900000000000007,0.0030000000000000027,0.008399999999999998,0.011963934426229507,0.014199999999999997,0.0792,10,0,51,NA
overall,controlled_balance,spd_events_minus_spd,observed_events_only,61,61,-0.013899999999999996,0.0032000000000000015,0.007900000000000004,0.015572131147540982,0.020100000000000007,0.0792,8,0,53,NA
overall,controlled_climate,events_minus_spd,as_coded,61,61,-0.0514,-0.0030999999999999986,-5.000000000000004e-4,-0.0023770491803278685,0.006399999999999996,0.0169,32,0,29,NA
overall,controlled_climate,events_minus_spd,observed_events_only,61,61,-0.0514,-0.004500000000000004,-8.000000000000021e-4,-0.0029737704918032784,0.0039000000000000007,0.022999999999999993,36,0,25,NA
overall,controlled_climate,spd_events_minus_spd,as_coded,61,61,-0.0466,-0.004399999999999987,-0.0015000000000000013,-0.003711475409836064,3.0000000000000165e-4,0.009399999999999992,40,2,19,NA
overall,controlled_climate,spd_events_minus_spd,observed_events_only,61,61,-0.0466,-0.0049999999999999906,-0.001800000000000003,-0.0046245901639344255,-3.000000000000086e-4,0.006699999999999998,47,1,13,NA
overall,controlled_human,events_minus_spd,as_coded,61,61,-0.056900000000000006,-0.0106,-0.0015999999999999999,-0.0030622950819672134,0.0043,0.0431,34,1,26,NA
overall,controlled_human,events_minus_spd,observed_events_only,61,61,-0.056900000000000006,-0.0106,-0.001599999999999999,-0.0012311475409836066,0.0063,0.0431,32,1,28,NA
overall,controlled_human,spd_events_minus_spd,as_coded,61,61,-0.0153,0.0023,0.0066,0.008252459016393442,0.010700000000000001,0.06040000000000001,7,0,54,NA
overall,controlled_human,spd_events_minus_spd,observed_events_only,61,61,-0.0153,0.0019000000000000006,0.007099999999999999,0.010947540983606558,0.014700000000000001,0.06040000000000001,7,0,54,NA
overall,unique_adjusted_r2_pure_climate,events_minus_spd,as_coded,61,61,-0.09754791247601702,-0.005256239528097728,-2.862138633379363e-4,-0.0042334327435932856,0.012800693642954775,0.03721473327169145,31,0,30,NA
overall,unique_adjusted_r2_pure_climate,events_minus_spd,observed_events_only,61,61,-0.09754791247601702,-0.0069527396572711675,-8.325605278812764e-4,-0.0049766113704444274,0.009553598464015711,0.04576862658388636,34,0,27,NA
overall,unique_adjusted_r2_pure_climate,spd_events_minus_spd,as_coded,61,61,-0.09265713764822037,-0.008392062689555613,-0.0014249635759348012,-0.006921491563929911,7.559566601548218e-4,0.01966036479316624,37,0,24,NA
overall,unique_adjusted_r2_pure_climate,spd_events_minus_spd,observed_events_only,61,61,-0.09265713764822037,-0.009841868900516637,-0.0016487040888543136,-0.008549775943819777,2.4458928190063123e-4,0.01176919670231158,44,0,17,NA
overall,unique_adjusted_r2_pure_human,events_minus_spd,as_coded,61,61,-0.0633712050921339,-0.010059658842179298,-7.492845897696387e-4,-0.003444591029798939,0.005332161232391663,0.028044645008328484,31,0,30,NA
overall,unique_adjusted_r2_pure_human,events_minus_spd,observed_events_only,61,61,-0.0633712050921339,-0.01024498231400417,2.004627315708163e-4,-0.002684599924576064,0.005453483886542099,0.028044645008328484,29,0,32,NA
overall,unique_adjusted_r2_pure_human,spd_events_minus_spd,as_coded,61,61,-0.019621959756884633,-1.1990383761983914e-4,0.0037059299963863035,0.005291408901082857,0.007592275896101008,0.05011698181647517,17,0,44,NA
overall,unique_adjusted_r2_pure_human,spd_events_minus_spd,observed_events_only,61,61,-0.019621959756884633,-2.1765339319412824e-4,0.0037059299963863035,0.007312382130979187,0.011870880028363673,0.05011698181647517,18,0,43,NA
overall,zero_allocation_climate,events_minus_spd,as_coded,61,61,-0.3427750656743289,-0.029860602667355685,-0.0023578169191565967,-0.006255105181398967,0.02412562252956152,0.42380435344604733,33,0,28,NA
overall,zero_allocation_climate,events_minus_spd,observed_events_only,61,61,-0.3427750656743289,-0.04076660463137083,-0.0021982189345131076,-0.01000018273894712,0.0426745869315629,0.42380435344604733,32,0,29,NA
overall,zero_allocation_climate,spd_events_minus_spd,as_coded,61,61,-0.3657831839113155,-0.05388867909560502,-0.018881555642560166,-0.04327642138514185,-0.0035842293906810374,0.08759124087591241,50,1,10,NA
overall,zero_allocation_climate,spd_events_minus_spd,observed_events_only,61,61,-0.3657831839113155,-0.09034464409104026,-0.018499143219739334,-0.05355222030278761,-0.002383105789798612,0.08759124087591241,47,1,13,NA
overall,zero_allocation_human,events_minus_spd,as_coded,61,61,-0.4238043534460472,-0.05654933641084824,-0.012437037669581305,-0.01601123095489688,0.021678321678321705,0.4026833631484794,35,0,26,NA
overall,zero_allocation_human,events_minus_spd,observed_events_only,61,61,-0.4238043534460472,-0.05594817432273262,-0.011615148983570042,-0.006937584005692864,0.03511955273798231,0.4026833631484794,33,0,28,NA
overall,zero_allocation_human,spd_events_minus_spd,as_coded,61,61,-0.08759124087591241,0.015306658618803435,0.03113255730631722,0.05048401595723168,0.06791756088890778,0.4387768023683625,7,1,53,NA
overall,zero_allocation_human,spd_events_minus_spd,observed_events_only,61,61,-0.08759124087591241,0.011057379033622292,0.03409014326090469,0.06668580393384865,0.09934196305543827,0.4387768023683625,7,1,53,NA
continent,controlled_balance,events_minus_spd,as_coded,14,14,-0.030199999999999998,-0.011725000000000003,0.0016500000000000022,0.007814285714285715,0.009649999999999999,0.06870000000000001,7,0,7,Asia
continent,controlled_balance,events_minus_spd,observed_events_only,14,14,-0.030199999999999998,-0.011725000000000003,0.0016500000000000022,0.007814285714285715,0.009649999999999999,0.06870000000000001,7,0,7,Asia
continent,controlled_balance,spd_events_minus_spd,as_coded,14,14,-0.0020000000000000018,0.004799999999999999,0.014349999999999988,0.022857142857142857,0.02182500000000001,0.0792,1,0,13,Asia
continent,controlled_balance,spd_events_minus_spd,observed_events_only,14,14,-0.0020000000000000018,0.004799999999999999,0.014349999999999988,0.022857142857142857,0.02182500000000001,0.0792,1,0,13,Asia
continent,controlled_climate,events_minus_spd,as_coded,14,14,-0.025599999999999998,-0.0018749999999999878,0.005350000000000001,2.7142857142857323e-4,0.008150000000000004,0.013999999999999999,6,0,8,Asia
continent,controlled_climate,events_minus_spd,observed_events_only,14,14,-0.025599999999999998,-0.0018749999999999878,0.005350000000000001,2.7142857142857323e-4,0.008150000000000004,0.013999999999999999,6,0,8,Asia
continent,controlled_climate,spd_events_minus_spd,as_coded,14,14,-0.019199999999999995,-0.005200000000000003,-0.0028499999999999984,-0.005264285714285712,-8.999999999999911e-4,4.999999999999866e-4,11,0,3,Asia
continent,controlled_climate,spd_events_minus_spd,observed_events_only,14,14,-0.019199999999999995,-0.005200000000000003,-0.0028499999999999984,-0.005264285714285712,-8.999999999999911e-4,4.999999999999866e-4,11,0,3,Asia
continent,controlled_human,events_minus_spd,as_coded,14,14,-0.0162,-0.0042499999999999994,0.0052499999999999995,0.008085714285714286,0.009375000000000001,0.0431,5,1,8,Asia
continent,controlled_human,events_minus_spd,observed_events_only,14,14,-0.0162,-0.0042499999999999994,0.0052499999999999995,0.008085714285714286,0.009375000000000001,0.0431,5,1,8,Asia
continent,controlled_human,spd_events_minus_spd,as_coded,14,14,-0.0016000000000000007,0.004725,0.011500000000000002,0.017592857142857143,0.01755,0.06040000000000001,1,0,13,Asia
continent,controlled_human,spd_events_minus_spd,observed_events_only,14,14,-0.0016000000000000007,0.004725,0.011500000000000002,0.017592857142857143,0.01755,0.06040000000000001,1,0,13,Asia
continent,unique_adjusted_r2_pure_climate,events_minus_spd,as_coded,14,14,-0.050518848831737295,-0.0037986888751505576,0.010077597799403204,8.56502100208648e-4,0.016550008580502873,0.027771341234656632,6,0,8,Asia
continent,unique_adjusted_r2_pure_climate,events_minus_spd,observed_events_only,14,14,-0.050518848831737295,-0.0037986888751505576,0.010077597799403204,8.56502100208648e-4,0.016550008580502873,0.027771341234656632,6,0,8,Asia
continent,unique_adjusted_r2_pure_climate,spd_events_minus_spd,as_coded,14,14,-0.038458363329723855,-0.010390785548954423,-0.0056857378443908035,-0.010498105226349157,-0.0020872546822122973,9.194898526121431e-4,11,0,3,Asia
continent,unique_adjusted_r2_pure_climate,spd_events_minus_spd,observed_events_only,14,14,-0.038458363329723855,-0.010390785548954423,-0.0056857378443908035,-0.010498105226349157,-0.0020872546822122973,9.194898526121431e-4,11,0,3,Asia
continent,unique_adjusted_r2_pure_human,events_minus_spd,as_coded,14,14,-0.002235085306823481,0.0028064993325766785,0.007726476378031866,0.009551238097781325,0.014868549295381228,0.028044645008328484,3,0,11,Asia
continent,unique_adjusted_r2_pure_human,events_minus_spd,observed_events_only,14,14,-0.002235085306823481,0.0028064993325766785,0.007726476378031866,0.009551238097781325,0.014868549295381228,0.028044645008328484,3,0,11,Asia
continent,unique_adjusted_r2_pure_human,spd_events_minus_spd,as_coded,14,14,-0.0011813576021312278,0.0052687688824406,0.008397055308676016,0.01347239406662365,0.015076841897049442,0.05011698181647517,2,0,12,Asia
continent,unique_adjusted_r2_pure_human,spd_events_minus_spd,observed_events_only,14,14,-0.0011813576021312278,0.0052687688824406,0.008397055308676016,0.01347239406662365,0.015076841897049442,0.05011698181647517,2,0,12,Asia
continent,zero_allocation_climate,events_minus_spd,as_coded,14,14,-0.2461280004896389,-0.0791225311852927,-0.03531360364936326,-0.0365880652685845,0.00868999761573147,0.09670769766029219,10,0,4,Asia
continent,zero_allocation_climate,events_minus_spd,observed_events_only,14,14,-0.2461280004896389,-0.0791225311852927,-0.03531360364936326,-0.0365880652685845,0.00868999761573147,0.09670769766029219,10,0,4,Asia
continent,zero_allocation_climate,spd_events_minus_spd,as_coded,14,14,-0.2402466201857807,-0.1390049213838424,-0.07991054289288393,-0.09580505120364685,-0.026588856116119275,0.01224583159734971,13,0,1,Asia
continent,zero_allocation_climate,spd_events_minus_spd,observed_events_only,14,14,-0.2402466201857807,-0.1390049213838424,-0.07991054289288393,-0.09580505120364685,-0.026588856116119275,0.01224583159734971,13,0,1,Asia
continent,zero_allocation_human,events_minus_spd,as_coded,14,14,-0.16522388273971028,-0.04270441358250896,0.03226061131238804,0.06275820102900423,0.08315689676759723,0.4026833631484794,6,0,8,Asia
continent,zero_allocation_human,events_minus_spd,observed_events_only,14,14,-0.16522388273971028,-0.04270441358250896,0.03226061131238804,0.06275820102900423,0.08315689676759723,0.4026833631484794,6,0,8,Asia
continent,zero_allocation_human,spd_events_minus_spd,as_coded,14,14,-0.01224583159734989,0.02565905729242869,0.093260757119941,0.12112401460872316,0.13561071607511685,0.4387768023683625,1,0,13,Asia
continent,zero_allocation_human,spd_events_minus_spd,observed_events_only,14,14,-0.01224583159734989,0.02565905729242869,0.093260757119941,0.12112401460872316,0.13561071607511685,0.4387768023683625,1,0,13,Asia
continent,controlled_balance,events_minus_spd,as_coded,14,14,-0.049800000000000004,-0.013474999999999999,-0.004299999999999998,-0.009385714285714287,-0.0014499999999999895,0.016699999999999993,11,0,3,Europe
continent,controlled_balance,events_minus_spd,observed_events_only,14,14,-0.056699999999999987,-0.013699999999999999,0.0032000000000000015,0.0022428571428571445,0.016325000000000003,0.05680000000000001,6,0,8,Europe
continent,controlled_balance,spd_events_minus_spd,as_coded,14,14,-0.004399999999999987,0.0030999999999999986,0.007849999999999996,0.007642857142857141,0.012499999999999997,0.019199999999999995,2,0,12,Europe
continent,controlled_balance,spd_events_minus_spd,observed_events_only,14,14,-0.013899999999999996,0.009225,0.024399999999999998,0.023700000000000002,0.036025,0.05370000000000001,1,0,13,Europe
continent,controlled_climate,events_minus_spd,as_coded,14,14,-0.0034000000000000002,0.0023499999999999945,0.005350000000000001,0.00482142857142857,0.007225000000000002,0.0155,2,0,12,Europe
continent,controlled_climate,events_minus_spd,observed_events_only,14,14,-0.030100000000000002,-0.0036250000000000032,0.0022499999999999985,0.0017142857142857133,0.009674999999999996,0.022999999999999993,5,0,9,Europe
continent,controlled_climate,spd_events_minus_spd,as_coded,14,14,-0.005299999999999999,-5.249999999999994e-4,4.0000000000000105e-4,4.5714285714285784e-4,8.74999999999999e-4,0.009399999999999992,4,1,9,Europe
continent,controlled_climate,spd_events_minus_spd,observed_events_only,14,14,-0.020600000000000007,-0.004475000000000003,-0.0028499999999999984,-0.003492857142857144,0.0012250000000000021,0.006699999999999998,10,0,4,Europe
continent,controlled_human,events_minus_spd,as_coded,14,14,-0.034300000000000004,-0.007450000000000001,-4.999999999999996e-4,-0.004564285714285714,0.0037,0.0139,7,0,7,Europe
continent,controlled_human,events_minus_spd,observed_events_only,14,14,-0.033699999999999994,-0.0039250000000000005,0.0036499999999999996,0.003957142857142858,0.015425000000000001,0.0267,5,0,9,Europe
continent,controlled_human,spd_events_minus_spd,as_coded,14,14,-5.999999999999964e-4,0.004850000000000002,0.0074,0.0081,0.012649999999999998,0.0166,1,0,13,Europe
continent,controlled_human,spd_events_minus_spd,observed_events_only,14,14,-0.007199999999999998,0.009625000000000002,0.01815,0.020207142857142858,0.032875,0.0443,1,0,13,Europe
continent,unique_adjusted_r2_pure_climate,events_minus_spd,as_coded,14,14,-0.006129993985803606,0.001993367774977689,0.009207349021735867,0.00937986924303361,0.01622855551506608,0.02629256093029564,2,0,12,Europe
continent,unique_adjusted_r2_pure_climate,events_minus_spd,observed_events_only,14,14,-0.051561188486886955,-0.004978424404737641,0.00426637804689195,0.005123173503423196,0.01952803339093287,0.04576862658388636,5,0,9,Europe
continent,unique_adjusted_r2_pure_climate,spd_events_minus_spd,as_coded,14,14,-0.008702385260962897,-2.32099606635644e-4,8.120283244859583e-4,0.0015080430288277563,0.0012373528625332364,0.01966036479316624,4,0,10,Europe
continent,unique_adjusted_r2_pure_climate,spd_events_minus_spd,observed_events_only,14,14,-0.036725669556795126,-0.006730589919600849,-0.0020032581271525185,-0.005315116833564226,0.001680146387120468,0.01176919670231158,10,0,4,Europe
continent,unique_adjusted_r2_pure_human,events_minus_spd,as_coded,14,14,-0.024090137422220215,-0.007345123591671859,0.0018837082792082516,-0.0017930826308516581,0.006836502062401328,0.010855827211027291,6,0,8,Europe
continent,unique_adjusted_r2_pure_human,events_minus_spd,observed_events_only,14,14,-0.016977286800306524,4.447466575412673e-4,0.0034912953816045866,0.002598896856548984,0.006181845191955776,0.01228940776247689,2,0,12,Europe
continent,unique_adjusted_r2_pure_human,spd_events_minus_spd,as_coded,14,14,-0.002215422403253564,0.003587835951309376,0.006597993983188222,0.007390546223407933,0.01049348083537599,0.017490208843064958,2,0,12,Europe
continent,unique_adjusted_r2_pure_human,spd_events_minus_spd,observed_events_only,14,14,-0.012066183515398898,0.009606310515216654,0.014179980795973324,0.0170973968818269,0.022471049346839717,0.043314049384745035,2,0,12,Europe
continent,zero_allocation_climate,events_minus_spd,as_coded,14,14,-0.03224998916390448,-9.476427307688051e-4,0.018625309442576704,0.017799462506304407,0.03770181679048955,0.06354997528194478,4,0,10,Europe
continent,zero_allocation_climate,events_minus_spd,observed_events_only,14,14,-0.1908318419696846,-0.11061923047967012,0.0037934632526755996,-0.005520377869815117,0.07367634772299897,0.1685463857285257,6,0,8,Europe
continent,zero_allocation_climate,spd_events_minus_spd,as_coded,14,14,-0.04823609184774236,-0.030866028531183698,-0.012593139290389826,-0.01240697202369628,-0.003377505115977092,0.05713279370699803,12,0,2,Europe
continent,zero_allocation_climate,spd_events_minus_spd,observed_events_only,14,14,-0.15600300515536175,-0.12432906049779603,-0.05067660098752311,-0.05746955517922133,0.01919889837792932,0.03530914043261146,9,0,5,Europe
continent,zero_allocation_human,events_minus_spd,as_coded,14,14,-0.19360539576352778,-0.05256608654418843,-0.0028766625652251916,-0.028594861575442315,0.018432710866532677,0.07322989063947116,7,0,7,Europe
continent,zero_allocation_human,events_minus_spd,observed_events_only,14,14,-0.2672340425531915,-0.03539066107384323,0.03094466317320417,0.013349108333933471,0.07698508152810704,0.14991834478941818,5,0,9,Europe
continent,zero_allocation_human,spd_events_minus_spd,as_coded,14,14,-9.992273098405058e-4,0.022683178622256855,0.0405645489363078,0.04156568995719863,0.052903495186328794,0.08590314376086346,1,0,13,Europe
continent,zero_allocation_human,spd_events_minus_spd,observed_events_only,14,14,-0.0778756700962275,0.09001400352123544,0.11314883128279099,0.11357236090562983,0.16364909150438556,0.22985568902752887,1,0,13,Europe
continent,controlled_balance,events_minus_spd,as_coded,14,14,-0.0505,-0.010474999999999998,0.0058,0.0070785714285714245,0.02219999999999998,0.058099999999999985,6,0,8,Latin America
continent,controlled_balance,events_minus_spd,observed_events_only,14,14,-0.0505,-0.010474999999999998,0.0058,0.0070785714285714245,0.02219999999999998,0.058099999999999985,6,0,8,Latin America
continent,controlled_balance,spd_events_minus_spd,as_coded,14,14,-0.0066000000000000225,-4.750000000000032e-4,0.0046,0.014314285714285708,0.018324999999999973,0.059899999999999995,4,0,10,Latin America
continent,controlled_balance,spd_events_minus_spd,observed_events_only,14,14,-0.0066000000000000225,-4.750000000000032e-4,0.0046,0.014314285714285708,0.018324999999999973,0.059899999999999995,4,0,10,Latin America
continent,controlled_climate,events_minus_spd,as_coded,14,14,-0.0514,-0.033675,-0.006549999999999993,-0.015092857142857142,-8.750000000000008e-4,0.0169,11,0,3,Latin America
continent,controlled_climate,events_minus_spd,observed_events_only,14,14,-0.0514,-0.033675,-0.006549999999999993,-0.015092857142857142,-8.750000000000008e-4,0.0169,11,0,3,Latin America
continent,controlled_climate,spd_events_minus_spd,as_coded,14,14,-0.0466,-0.0092,-0.0021000000000000046,-0.008507142857142855,2.750000000000079e-4,0.003500000000000003,8,1,5,Latin America
continent,controlled_climate,spd_events_minus_spd,observed_events_only,14,14,-0.0466,-0.0092,-0.0021000000000000046,-0.008507142857142855,2.750000000000079e-4,0.003500000000000003,8,1,5,Latin America
continent,controlled_human,events_minus_spd,as_coded,14,14,-0.056900000000000006,-0.01355,-0.0069500000000000004,-0.008014285714285715,0.005425,0.008299999999999998,8,0,6,Latin America
continent,controlled_human,events_minus_spd,observed_events_only,14,14,-0.056900000000000006,-0.01355,-0.0069500000000000004,-0.008014285714285715,0.005425,0.008299999999999998,8,0,6,Latin America
continent,controlled_human,spd_events_minus_spd,as_coded,14,14,-0.0051,6.250000000000001e-4,0.003499999999999998,0.005807142857142857,0.010675,0.026999999999999996,3,0,11,Latin America
continent,controlled_human,spd_events_minus_spd,observed_events_only,14,14,-0.0051,6.250000000000001e-4,0.003499999999999998,0.005807142857142857,0.010675,0.026999999999999996,3,0,11,Latin America
continent,unique_adjusted_r2_pure_climate,events_minus_spd,as_coded,14,14,-0.09754791247601702,-0.06727536481951066,-0.013764719836715456,-0.029115303530694407,-0.0018493329923620905,0.03721473327169145,11,0,3,Latin America
continent,unique_adjusted_r2_pure_climate,events_minus_spd,observed_events_only,14,14,-0.09754791247601702,-0.06727536481951066,-0.013764719836715456,-0.029115303530694407,-0.0018493329923620905,0.03721473327169145,11,0,3,Latin America
continent,unique_adjusted_r2_pure_climate,spd_events_minus_spd,as_coded,14,14,-0.09265713764822037,-0.021574472667960642,-0.004115084916910539,-0.017453619947331817,3.896234806131105e-4,0.006915263768623725,8,0,6,Latin America
continent,unique_adjusted_r2_pure_climate,spd_events_minus_spd,observed_events_only,14,14,-0.09265713764822037,-0.021574472667960642,-0.004115084916910539,-0.017453619947331817,3.896234806131105e-4,0.006915263768623725,8,0,6,Latin America
continent,unique_adjusted_r2_pure_human,events_minus_spd,as_coded,14,14,-0.0633712050921339,-0.020042317261736053,-0.01699594160118223,-0.014648282439319102,0.0021958191813132577,0.007704591701170993,10,0,4,Latin America
continent,unique_adjusted_r2_pure_human,events_minus_spd,observed_events_only,14,14,-0.0633712050921339,-0.020042317261736053,-0.01699594160118223,-0.014648282439319102,0.0021958191813132577,0.007704591701170993,10,0,4,Latin America
continent,unique_adjusted_r2_pure_human,spd_events_minus_spd,as_coded,14,14,-0.0048881266555411695,-0.0015952376728333995,-1.687786154069837e-4,0.0013294976504237912,0.002253717607687361,0.021267345223215606,8,0,6,Latin America
continent,unique_adjusted_r2_pure_human,spd_events_minus_spd,observed_events_only,14,14,-0.0048881266555411695,-0.0015952376728333995,-1.687786154069837e-4,0.0013294976504237912,0.002253717607687361,0.021267345223215606,8,0,6,Latin America
continent,zero_allocation_climate,events_minus_spd,as_coded,14,14,-0.3427750656743289,-0.1584730036415687,-0.016174000964707835,-0.05505173212513831,0.021418243943303522,0.2962962962962963,9,0,5,Latin America
continent,zero_allocation_climate,events_minus_spd,observed_events_only,14,14,-0.3427750656743289,-0.1584730036415687,-0.016174000964707835,-0.05505173212513831,0.021418243943303522,0.2962962962962963,9,0,5,Latin America
continent,zero_allocation_climate,spd_events_minus_spd,as_coded,14,14,-0.3657831839113155,-0.05334970541848594,-0.008520379483858531,-0.058380905375565485,0.011574378186952838,0.07997793712079426,9,1,4,Latin America
continent,zero_allocation_climate,spd_events_minus_spd,observed_events_only,14,14,-0.3657831839113155,-0.05334970541848594,-0.008520379483858531,-0.058380905375565485,0.011574378186952838,0.07997793712079426,9,1,4,Latin America
continent,zero_allocation_human,events_minus_spd,as_coded,14,14,-0.2962962962962963,-0.056812878896900926,-0.03351866855316023,-0.0378209612734147,0.018541329068566714,0.04638653013474637,8,0,6,Latin America
continent,zero_allocation_human,events_minus_spd,observed_events_only,14,14,-0.2962962962962963,-0.056812878896900926,-0.03351866855316023,-0.0378209612734147,0.018541329068566714,0.04638653013474637,8,0,6,Latin America
continent,zero_allocation_human,spd_events_minus_spd,as_coded,14,14,-0.030076022711652942,5.95776447449646e-4,0.01704531691019815,0.023378504048819502,0.03974135257077728,0.09444580780617877,3,1,10,Latin America
continent,zero_allocation_human,spd_events_minus_spd,observed_events_only,14,14,-0.030076022711652942,5.95776447449646e-4,0.01704531691019815,0.023378504048819502,0.03974135257077728,0.09444580780617877,3,1,10,Latin America
continent,controlled_balance,events_minus_spd,as_coded,14,14,-0.010599999999999991,-0.005049999999999999,-0.0014000000000000054,-0.0016285714285714287,0.0020250000000000008,0.005799999999999993,8,0,6,North America
continent,controlled_balance,events_minus_spd,observed_events_only,14,14,-0.010599999999999998,-0.00515,-0.0030499999999999937,-0.002678571428571427,1.749999999999998e-4,0.0058999999999999955,9,0,5,North America
continent,controlled_balance,spd_events_minus_spd,as_coded,14,14,-0.0023000000000000034,0.0030000000000000027,0.007100000000000002,0.005942857142857143,0.009325000000000002,0.010899999999999993,1,0,13,North America
continent,controlled_balance,spd_events_minus_spd,observed_events_only,14,14,8.99999999999998e-4,0.003400000000000002,0.005249999999999998,0.005607142857142858,0.007900000000000004,0.010500000000000002,0,0,14,North America
continent,controlled_climate,events_minus_spd,as_coded,14,14,-0.0046,-0.0018999999999999954,-0.0011499999999999982,-0.00125,-2.5000000000000196e-4,0.0010000000000000009,11,0,3,North America
continent,controlled_climate,events_minus_spd,observed_events_only,14,14,-0.0025000000000000022,-0.001100000000000002,-9.499999999999995e-4,-7.428571428571433e-4,-3.2500000000000237e-4,8.99999999999998e-4,12,0,2,North America
continent,controlled_climate,spd_events_minus_spd,as_coded,14,14,-0.004199999999999995,-0.002,-0.0014999999999999979,-0.0011285714285714282,-7.250000000000052e-4,0.0063,13,0,1,North America
continent,controlled_climate,spd_events_minus_spd,observed_events_only,14,14,-0.0025000000000000022,-0.0015749999999999983,-8.99999999999998e-4,-0.001157142857142858,-8.000000000000021e-4,-3.0000000000000165e-4,14,0,0,North America
continent,controlled_human,events_minus_spd,as_coded,14,14,-0.010499999999999999,-0.0067,-0.00145,-0.0028785714285714287,4.500000000000004e-4,0.0045,10,0,4,North America
continent,controlled_human,events_minus_spd,observed_events_only,14,14,-0.0107,-0.00715,-0.003,-0.0034214285714285714,3.2499999999999955e-4,0.0046,10,0,4,North America
continent,controlled_human,spd_events_minus_spd,as_coded,14,14,4.0000000000000105e-4,0.002725,0.0051,0.0048142857142857145,0.006775,0.008700000000000001,0,0,14,North America
continent,controlled_human,spd_events_minus_spd,observed_events_only,14,14,5.000000000000004e-4,0.0024249999999999996,0.004399999999999999,0.00445,0.006724999999999998,0.0087,0,0,14,North America
continent,unique_adjusted_r2_pure_climate,events_minus_spd,as_coded,14,14,-0.007688929634975583,-0.0021786429671785956,-7.397064802500131e-4,-0.0012198149213775075,3.447118100239066e-4,0.003324614490768485,10,0,4,North America
continent,unique_adjusted_r2_pure_climate,events_minus_spd,observed_events_only,14,14,-0.002352580026620088,-0.001175666556894689,-8.22333620959681e-4,-2.0125462733278088e-4,-5.7312087814981316e-5,0.003753471424287169,10,0,4,North America
continent,unique_adjusted_r2_pure_climate,spd_events_minus_spd,as_coded,14,14,-0.00600547201243784,-0.0017245783467025044,-5.83303077548003e-4,-2.827387377866697e-4,2.4038634902551204e-5,0.013914548796429727,10,0,4,North America
continent,unique_adjusted_r2_pure_climate,spd_events_minus_spd,observed_events_only,14,14,-0.0035941502534048153,-9.694848946830703e-4,-3.0832179084128164e-4,-5.542465306291004e-4,-2.1880050583039656e-5,8.588510549141226e-4,11,0,3,North America
continent,unique_adjusted_r2_pure_human,events_minus_spd,as_coded,14,14,-0.010059658842179298,-0.008397278342960834,-0.0025886253758941047,-0.00340453032333413,9.727424498031934e-4,0.0031865744568344567,8,0,6,North America
continent,unique_adjusted_r2_pure_human,events_minus_spd,observed_events_only,14,14,-0.010880338850468019,-0.00958371533710331,-0.004276314602744968,-0.0044851199951208166,3.8824541939366797e-4,0.0032001231243562467,10,0,4,North America
continent,unique_adjusted_r2_pure_human,spd_events_minus_spd,as_coded,14,14,-0.0013651487104672233,7.867509537462236e-4,0.0033865853027076342,0.0029357601500428843,0.004811577387435095,0.006225876985576195,2,0,12,North America
continent,unique_adjusted_r2_pure_human,spd_events_minus_spd,observed_events_only,14,14,-0.0013351477013581192,1.0667736841321607e-4,0.00242868579692479,0.002034578564743642,0.003882583637086573,0.005813860946226712,3,0,11,North America
continent,zero_allocation_climate,events_minus_spd,as_coded,14,14,-0.04476026449585124,-0.010592256287966242,-0.0029718080106460043,-0.005105979733361015,0.004300785915191993,0.014442999392744182,9,0,5,North America
continent,zero_allocation_climate,events_minus_spd,observed_events_only,14,14,-0.01360445691174228,-0.0041395889314468776,0.0024645919094574975,0.001896022713441561,0.009146255692884464,0.014273195311644227,6,0,8,North America
continent,zero_allocation_climate,spd_events_minus_spd,as_coded,14,14,-0.047405899480125524,-0.018514406261465555,-0.015629429446460952,-0.01065134525003904,-0.005195897400615171,0.06501618996222341,13,0,1,North America
continent,zero_allocation_climate,spd_events_minus_spd,observed_events_only,14,14,-0.018499143219739334,-0.015969929786762434,-0.012011090018874265,-0.010361885949970496,-0.00553826712729015,0.00643582460925346,13,0,1,North America
continent,zero_allocation_human,events_minus_spd,as_coded,14,14,-0.055826297782724216,-0.03282972176846195,-0.006856229851014864,-0.014192257782576493,0.00176908755858248,0.02236339035865476,10,0,4,North America
continent,zero_allocation_human,events_minus_spd,observed_events_only,14,14,-0.05658591210357885,-0.03487498641409023,-0.014280033013186606,-0.016601051698991922,0.0020210852685596335,0.02296049056896686,10,0,4,North America
continent,zero_allocation_human,spd_events_minus_spd,as_coded,14,14,5.38970584070611e-4,0.01346206327879779,0.02326586994087812,0.022816455442078436,0.031188032818450263,0.04490953073438113,0,0,14,North America
continent,zero_allocation_human,spd_events_minus_spd,observed_events_only,14,14,6.39410826874999e-4,0.01141024125776036,0.02133822409626041,0.021403289248906904,0.0320667157447151,0.04492101831111942,0,0,14,North America
continent,controlled_balance,events_minus_spd,as_coded,5,5,-0.029899999999999982,-0.0264,-0.0208,-0.019219999999999994,-0.011499999999999996,-0.007499999999999993,5,0,0,Oceania
continent,controlled_balance,events_minus_spd,observed_events_only,5,5,-0.029899999999999982,-0.0264,-0.0208,-0.019219999999999994,-0.011499999999999996,-0.007499999999999993,5,0,0,Oceania
continent,controlled_balance,spd_events_minus_spd,as_coded,5,5,-0.010900000000000007,-0.008300000000000002,0.005300000000000006,0.0038399999999999992,0.011900000000000003,0.021199999999999997,2,0,3,Oceania
continent,controlled_balance,spd_events_minus_spd,observed_events_only,5,5,-0.010900000000000007,-0.008300000000000002,0.005300000000000006,0.0038399999999999992,0.011900000000000003,0.021199999999999997,2,0,3,Oceania
continent,controlled_climate,events_minus_spd,as_coded,5,5,-0.010300000000000004,-0.002600000000000005,0.0012000000000000066,0.0024999999999999983,0.011399999999999993,0.0128,2,0,3,Oceania
continent,controlled_climate,events_minus_spd,observed_events_only,5,5,-0.010300000000000004,-0.002600000000000005,0.0012000000000000066,0.0024999999999999983,0.011399999999999993,0.0128,2,0,3,Oceania
continent,controlled_climate,spd_events_minus_spd,as_coded,5,5,-0.0126,-0.0054,-0.0049999999999999906,-0.004839999999999997,-0.004399999999999987,0.0031999999999999945,4,0,1,Oceania
continent,controlled_climate,spd_events_minus_spd,observed_events_only,5,5,-0.0126,-0.0054,-0.0049999999999999906,-0.004839999999999997,-0.004399999999999987,0.0031999999999999945,4,0,1,Oceania
continent,controlled_human,events_minus_spd,as_coded,5,5,-0.0402,-0.0196,-0.0141,-0.01672,-0.0136,0.003899999999999999,4,0,1,Oceania
continent,controlled_human,events_minus_spd,observed_events_only,5,5,-0.0402,-0.0196,-0.0141,-0.01672,-0.0136,0.003899999999999999,4,0,1,Oceania
continent,controlled_human,spd_events_minus_spd,as_coded,5,5,-0.0153,-0.0133,0.006500000000000002,-9.999999999999996e-4,0.008499999999999999,0.0086,2,0,3,Oceania
continent,controlled_human,spd_events_minus_spd,observed_events_only,5,5,-0.0153,-0.0133,0.006500000000000002,-9.999999999999996e-4,0.008499999999999999,0.0086,2,0,3,Oceania
continent,unique_adjusted_r2_pure_climate,events_minus_spd,as_coded,5,5,-0.022302703462862783,-0.005256239528097728,0.0024167539276904737,0.004628612432884949,0.02274910719746226,0.02553614403023252,2,0,3,Oceania
continent,unique_adjusted_r2_pure_climate,events_minus_spd,observed_events_only,5,5,-0.022302703462862783,-0.005256239528097728,0.0024167539276904737,0.004628612432884949,0.02274910719746226,0.02553614403023252,2,0,3,Oceania
continent,unique_adjusted_r2_pure_climate,spd_events_minus_spd,as_coded,5,5,-0.025250840566969246,-0.010793324836221085,-0.00997849460810063,-0.009608218608553232,-0.008392062689555613,0.006373629658080415,4,0,1,Oceania
continent,unique_adjusted_r2_pure_climate,spd_events_minus_spd,observed_events_only,5,5,-0.025250840566969246,-0.010793324836221085,-0.00997849460810063,-0.009608218608553232,-0.008392062689555613,0.006373629658080415,4,0,1,Oceania
continent,unique_adjusted_r2_pure_human,events_minus_spd,as_coded,5,5,-0.04541075447180554,-0.01842302708166832,-0.016643229523399583,-0.013198970135521071,-7.492845897696387e-4,0.015231444989037723,4,0,1,Oceania
continent,unique_adjusted_r2_pure_human,events_minus_spd,observed_events_only,5,5,-0.04541075447180554,-0.01842302708166832,-0.016643229523399583,-0.013198970135521071,-7.492845897696387e-4,0.015231444989037723,4,0,1,Oceania
continent,unique_adjusted_r2_pure_human,spd_events_minus_spd,as_coded,5,5,-0.019621959756884633,-0.018291849219165823,-0.003949341421066288,-0.005803766060184267,0.001162730470440021,0.011681589625755384,3,0,2,Oceania
continent,unique_adjusted_r2_pure_human,spd_events_minus_spd,observed_events_only,5,5,-0.019621959756884633,-0.018291849219165823,-0.003949341421066288,-0.005803766060184267,0.001162730470440021,0.011681589625755384,3,0,2,Oceania
continent,zero_allocation_climate,events_minus_spd,as_coded,5,5,-0.02167832167832151,0.08626160170966135,0.08759124087591241,0.14473739772511496,0.14770811427227515,0.42380435344604733,1,0,4,Oceania
continent,zero_allocation_climate,events_minus_spd,observed_events_only,5,5,-0.02167832167832151,0.08626160170966135,0.08759124087591241,0.14473739772511496,0.14770811427227515,0.42380435344604733,1,0,4,Oceania
continent,zero_allocation_climate,spd_events_minus_spd,as_coded,5,5,-0.1745350082773396,-0.08442822384428217,-0.0674569407435508,-0.03168837411047718,0.08038706143687424,0.08759124087591241,3,0,2,Oceania
continent,zero_allocation_climate,spd_events_minus_spd,observed_events_only,5,5,-0.1745350082773396,-0.08442822384428217,-0.0674569407435508,-0.03168837411047718,0.08038706143687424,0.08759124087591241,3,0,2,Oceania
continent,zero_allocation_human,events_minus_spd,as_coded,5,5,-0.4238043534460472,-0.15080789946140036,-0.08759124087591241,-0.14535735476293996,-0.08626160170966145,0.021678321678321705,4,0,1,Oceania
continent,zero_allocation_human,events_minus_spd,observed_events_only,5,5,-0.4238043534460472,-0.15080789946140036,-0.08759124087591241,-0.14535735476293996,-0.08626160170966145,0.021678321678321705,4,0,1,Oceania
continent,zero_allocation_human,spd_events_minus_spd,as_coded,5,5,-0.08759124087591241,-0.08368925539360375,0.06745694074355085,0.031027935319131304,0.08442822384428225,0.1745350082773396,2,0,3,Oceania
continent,zero_allocation_human,spd_events_minus_spd,observed_events_only,5,5,-0.08759124087591241,-0.08368925539360375,0.06745694074355085,0.031027935319131304,0.08442822384428225,0.1745350082773396,2,0,3,Oceania
