dataset_id,n_input_rows,n_unique_ages,n_collapsed_rows,had_repeated_ages
46516,17,17,0,FALSE
26606,17,17,0,FALSE
22322,16,16,0,FALSE
48966,17,17,0,FALSE
3565,17,17,0,FALSE
3032,17,17,0,FALSE
4383,17,17,0,FALSE
45377,16,16,0,FALSE
236,17,17,0,FALSE
4170,17,17,0,FALSE
25372,16,16,0,FALSE
2642,25,13,12,TRUE
46544,16,16,0,FALSE
982,16,16,0,FALSE
13053,16,16,0,FALSE
26448,17,17,0,FALSE
4042,16,16,0,FALSE
3487,16,16,0,FALSE
21675,16,16,0,FALSE
26499,19,16,3,TRUE
24840,15,15,0,FALSE
2395,15,15,0,FALSE
45347,17,17,0,FALSE
15922,17,17,0,FALSE
1010,16,16,0,FALSE
4542,16,16,0,FALSE
14944,16,16,0,FALSE
17402,16,16,0,FALSE
234,17,17,0,FALSE
16081,17,17,0,FALSE
41421,16,16,0,FALSE
1451,16,16,0,FALSE
785,17,17,0,FALSE
2311,19,16,3,TRUE
3900,15,15,0,FALSE
2053,16,16,0,FALSE
1149,19,16,3,TRUE
46998,17,17,0,FALSE
46490,17,17,0,FALSE
210,17,17,0,FALSE
4136,16,16,0,FALSE
45192,17,17,0,FALSE
15232,17,17,0,FALSE
41467,16,16,0,FALSE
3938,16,16,0,FALSE
2619,17,17,0,FALSE
22988,16,16,0,FALSE
46803,16,16,0,FALSE
24195,16,16,0,FALSE
306,15,15,0,FALSE
847,17,17,0,FALSE
45322,16,16,0,FALSE
18108,17,17,0,FALSE
42745,17,17,0,FALSE
17689,16,16,0,FALSE
340,17,17,0,FALSE
40634,17,17,0,FALSE
15970,19,16,3,TRUE
17391,17,17,0,FALSE
4539,17,17,0,FALSE
25285,17,17,0,FALSE
20293,16,16,0,FALSE
4251,17,17,0,FALSE
2580,16,16,0,FALSE
41532,14,14,0,FALSE
22773,16,16,0,FALSE
784,16,16,0,FALSE
4472,17,17,0,FALSE
45383,16,16,0,FALSE
40564,17,17,0,FALSE
13051,16,16,0,FALSE
1635,15,15,0,FALSE
4197,17,17,0,FALSE
15783,16,16,0,FALSE
4373,15,15,0,FALSE
45722,17,17,0,FALSE
2270,16,16,0,FALSE
15201,17,17,0,FALSE
260,17,17,0,FALSE
21539,16,16,0,FALSE
15829,16,16,0,FALSE
14799,16,16,0,FALSE
4056,16,16,0,FALSE
2617,17,17,0,FALSE
42671,16,16,0,FALSE
4058,17,17,0,FALSE
20613,17,17,0,FALSE
15738,17,17,0,FALSE
2287,16,16,0,FALSE
22842,17,17,0,FALSE
15288,17,17,0,FALSE
21762,17,17,0,FALSE
1148,16,16,0,FALSE
48721,16,16,0,FALSE
24467,19,16,3,TRUE
1450,17,17,0,FALSE
23004,20,17,3,TRUE
2292,16,16,0,FALSE
2391,17,17,0,FALSE
1024,17,17,0,FALSE
1642,16,16,0,FALSE
15785,16,16,0,FALSE
1735,16,16,0,FALSE
22711,16,16,0,FALSE
24348,16,16,0,FALSE
40992,15,15,0,FALSE
1786,17,17,0,FALSE
878,15,15,0,FALSE
44951,17,17,0,FALSE
328,17,17,0,FALSE
40997,18,15,3,TRUE
42692,17,17,0,FALSE
1968,17,17,0,FALSE
309,17,17,0,FALSE
34553,17,17,0,FALSE
46730,17,17,0,FALSE
232,16,16,0,FALSE
1719,17,17,0,FALSE
41027,17,17,0,FALSE
45728,15,15,0,FALSE
29236,16,16,0,FALSE
1841,14,14,0,FALSE
24118,14,14,0,FALSE
21807,17,17,0,FALSE
41631,17,17,0,FALSE
48940,15,15,0,FALSE
24061,17,17,0,FALSE
4198,18,15,3,TRUE
15667,16,16,0,FALSE
859,17,17,0,FALSE
15462,16,16,0,FALSE
14274,18,15,3,TRUE
203,17,17,0,FALSE
17320,16,16,0,FALSE
308,15,15,0,FALSE
2385,16,16,0,FALSE
26608,16,16,0,FALSE
20188,17,17,0,FALSE
3879,17,17,0,FALSE
15925,17,17,0,FALSE
15919,16,16,0,FALSE
1432,16,16,0,FALSE
48895,21,15,6,TRUE
2373,17,17,0,FALSE
518,17,17,0,FALSE
1445,17,17,0,FALSE
1835,19,16,3,TRUE
15325,17,17,0,FALSE
1823,16,16,0,FALSE
966,17,17,0,FALSE
4378,17,17,0,FALSE
40567,17,17,0,FALSE
532,17,17,0,FALSE
44941,16,16,0,FALSE
48738,17,17,0,FALSE
4168,13,13,0,FALSE
15713,17,17,0,FALSE
22650,17,17,0,FALSE
26439,13,13,0,FALSE
4497,16,16,0,FALSE
2634,17,17,0,FALSE
21537,17,17,0,FALSE
2332,16,16,0,FALSE
1776,17,17,0,FALSE
4092,19,16,3,TRUE
18110,16,16,0,FALSE
3839,16,16,0,FALSE
2048,16,16,0,FALSE
302,17,17,0,FALSE
15103,17,17,0,FALSE
1391,16,16,0,FALSE
208,17,17,0,FALSE
24053,17,17,0,FALSE
1862,15,15,0,FALSE
15244,16,16,0,FALSE
2297,17,17,0,FALSE
1883,16,16,0,FALSE
3149,16,16,0,FALSE
701,17,17,0,FALSE
3840,17,17,0,FALSE
20223,16,16,0,FALSE
42649,16,16,0,FALSE
2324,16,16,0,FALSE
1698,16,16,0,FALSE
15081,21,15,6,TRUE
16217,17,17,0,FALSE
41016,17,17,0,FALSE
21772,17,17,0,FALSE
45731,12,12,0,FALSE
41448,16,16,0,FALSE
1571,17,17,0,FALSE
24861,16,16,0,FALSE
21895,17,17,0,FALSE
22656,17,17,0,FALSE
2661,17,17,0,FALSE
47604,16,16,0,FALSE
1617,16,16,0,FALSE
48960,17,17,0,FALSE
22944,13,13,0,FALSE
346,15,15,0,FALSE
15762,19,16,3,TRUE
2629,16,16,0,FALSE
17419,16,16,0,FALSE
3043,17,17,0,FALSE
3884,12,12,0,FALSE
45391,17,17,0,FALSE
40951,17,17,0,FALSE
22966,17,17,0,FALSE
3035,17,17,0,FALSE
47110,16,16,0,FALSE
1154,17,17,0,FALSE
47555,16,16,0,FALSE
527,16,16,0,FALSE
46280,16,16,0,FALSE
21913,17,17,0,FALSE
971,17,17,0,FALSE
4184,12,12,0,FALSE
844,17,17,0,FALSE
1440,17,17,0,FALSE
45319,23,17,6,TRUE
45320,19,16,3,TRUE
48816,16,16,0,FALSE
42683,21,15,6,TRUE
21818,17,17,0,FALSE
15276,17,17,0,FALSE
2626,17,17,0,FALSE
2591,17,17,0,FALSE
4239,16,16,0,FALSE
2367,16,16,0,FALSE
45343,17,17,0,FALSE
26319,17,17,0,FALSE
684,17,17,0,FALSE
19909,16,16,0,FALSE
45329,17,17,0,FALSE
26505,16,16,0,FALSE
1523,17,17,0,FALSE
1590,17,17,0,FALSE
24110,16,16,0,FALSE
43513,17,17,0,FALSE
813,18,15,3,TRUE
16016,16,16,0,FALSE
298,17,17,0,FALSE
782,17,17,0,FALSE
15831,17,17,0,FALSE
48624,19,16,3,TRUE
1770,17,17,0,FALSE
4517,17,17,0,FALSE
4398,17,17,0,FALSE
22849,16,16,0,FALSE
24356,16,16,0,FALSE
1701,17,17,0,FALSE
1707,14,14,0,FALSE
23006,17,17,0,FALSE
4154,16,16,0,FALSE
1761,17,17,0,FALSE
4355,20,14,6,TRUE
40582,16,16,0,FALSE
15130,16,16,0,FALSE
4041,21,15,6,TRUE
22812,16,16,0,FALSE
363,18,15,3,TRUE
1646,15,15,0,FALSE
1679,17,17,0,FALSE
1829,17,17,0,FALSE
3558,16,16,0,FALSE
14948,17,17,0,FALSE
41399,17,17,0,FALSE
26435,16,16,0,FALSE
1670,17,17,0,FALSE
1697,19,16,3,TRUE
1393,17,17,0,FALSE
42570,18,15,3,TRUE
46611,17,17,0,FALSE
1763,17,17,0,FALSE
19901,17,17,0,FALSE
1980,16,16,0,FALSE
20001,17,17,0,FALSE
48837,15,15,0,FALSE
973,16,16,0,FALSE
1658,19,16,3,TRUE
22367,17,17,0,FALSE
4545,17,17,0,FALSE
15247,17,17,0,FALSE
15356,17,17,0,FALSE
357,19,16,3,TRUE
14556,17,17,0,FALSE
48777,16,16,0,FALSE
3054,16,16,0,FALSE
776,17,17,0,FALSE
1880,17,17,0,FALSE
4311,17,17,0,FALSE
48976,17,17,0,FALSE
3482,22,16,6,TRUE
15185,17,17,0,FALSE
21580,17,17,0,FALSE
42681,16,16,0,FALSE
24319,17,17,0,FALSE
15734,17,17,0,FALSE
691,16,16,0,FALSE
860,17,17,0,FALSE
22745,16,16,0,FALSE
24321,17,17,0,FALSE
1604,16,16,0,FALSE
45349,16,16,0,FALSE
294,17,17,0,FALSE
21917,16,16,0,FALSE
24042,16,16,0,FALSE
48984,17,17,0,FALSE
672,16,16,0,FALSE
15732,15,15,0,FALSE
45713,16,16,0,FALSE
22820,16,16,0,FALSE
1390,15,15,0,FALSE
2671,15,15,0,FALSE
16075,16,16,0,FALSE
4367,17,17,0,FALSE
19820,16,16,0,FALSE
22894,17,17,0,FALSE
2645,16,16,0,FALSE
22890,22,16,6,TRUE
253,17,17,0,FALSE
2647,16,16,0,FALSE
13097,17,17,0,FALSE
15789,17,17,0,FALSE
221,17,17,0,FALSE
15132,17,17,0,FALSE
15331,17,17,0,FALSE
1814,16,16,0,FALSE
22936,16,16,0,FALSE
3041,17,17,0,FALSE
24057,17,17,0,FALSE
1630,17,17,0,FALSE
2622,16,16,0,FALSE
40875,17,17,0,FALSE
2888,17,17,0,FALSE
17400,17,17,0,FALSE
24190,17,17,0,FALSE
20034,16,16,0,FALSE
1030,17,17,0,FALSE
1961,17,17,0,FALSE
41025,16,16,0,FALSE
2644,16,16,0,FALSE
1897,16,16,0,FALSE
2378,17,17,0,FALSE
1650,17,17,0,FALSE
15309,17,17,0,FALSE
355,17,17,0,FALSE
2351,16,16,0,FALSE
46457,17,17,0,FALSE
1656,16,16,0,FALSE
3031,16,16,0,FALSE
41222,17,17,0,FALSE
23008,15,15,0,FALSE
20306,18,15,3,TRUE
543,17,17,0,FALSE
4147,17,17,0,FALSE
17406,17,17,0,FALSE
48935,16,16,0,FALSE
40861,17,17,0,FALSE
39474,16,16,0,FALSE
48361,16,16,0,FALSE
25,14,14,0,FALSE
1107,17,17,0,FALSE
14289,16,16,0,FALSE
25767,17,17,0,FALSE
22678,17,17,0,FALSE
48656,16,16,0,FALSE
15350,12,12,0,FALSE
16231,17,17,0,FALSE
2590,16,16,0,FALSE
17381,17,17,0,FALSE
2599,17,17,0,FALSE
4397,17,17,0,FALSE
14921,17,17,0,FALSE
15292,17,17,0,FALSE
15306,16,16,0,FALSE
2054,2,2,0,FALSE
3500,17,17,0,FALSE
4330,17,17,0,FALSE
2476,17,17,0,FALSE
21700,19,16,3,TRUE
2382,17,17,0,FALSE
24593,15,15,0,FALSE
2343,17,17,0,FALSE
4501,16,16,0,FALSE
41756,16,16,0,FALSE
22689,18,15,3,TRUE
20883,15,15,0,FALSE
15136,16,16,0,FALSE
20616,17,17,0,FALSE
3926,16,16,0,FALSE
45379,16,16,0,FALSE
21770,17,17,0,FALSE
25773,17,17,0,FALSE
4256,17,17,0,FALSE
1782,16,16,0,FALSE
2620,17,17,0,FALSE
4024,17,17,0,FALSE
489,17,17,0,FALSE
24256,17,17,0,FALSE
1716,16,16,0,FALSE
26431,17,17,0,FALSE
17296,16,16,0,FALSE
19266,13,13,0,FALSE
15872,15,15,0,FALSE
537,17,17,0,FALSE
47011,17,17,0,FALSE
14951,16,16,0,FALSE
17873,16,16,0,FALSE
15420,17,17,0,FALSE
3138,17,17,0,FALSE
1691,16,16,0,FALSE
22660,17,17,0,FALSE
4148,17,17,0,FALSE
206,17,17,0,FALSE
1105,17,17,0,FALSE
1524,17,17,0,FALSE
2652,16,16,0,FALSE
47590,16,16,0,FALSE
48072,16,16,0,FALSE
20872,17,17,0,FALSE
209,17,17,0,FALSE
2065,16,16,0,FALSE
25318,17,17,0,FALSE
4485,17,14,3,TRUE
969,14,14,0,FALSE
1674,16,16,0,FALSE
20372,17,17,0,FALSE
41543,17,17,0,FALSE
41469,17,17,0,FALSE
1773,17,17,0,FALSE
254,17,17,0,FALSE
1693,17,17,0,FALSE
45188,16,16,0,FALSE
1981,17,17,0,FALSE
4279,15,15,0,FALSE
22759,16,16,0,FALSE
2882,17,17,0,FALSE
1577,16,16,0,FALSE
20515,16,16,0,FALSE
2265,16,16,0,FALSE
2925,16,16,0,FALSE
17334,17,17,0,FALSE
47005,17,17,0,FALSE
40799,16,16,0,FALSE
41585,16,16,0,FALSE
15302,17,17,0,FALSE
40854,17,17,0,FALSE
2615,16,16,0,FALSE
14884,16,16,0,FALSE
856,17,17,0,FALSE
12,17,17,0,FALSE
1820,21,15,6,TRUE
15929,17,17,0,FALSE
41842,17,17,0,FALSE
45387,15,15,0,FALSE
15142,16,16,0,FALSE
852,17,17,0,FALSE
4269,16,16,0,FALSE
25370,16,16,0,FALSE
2068,17,17,0,FALSE
25221,17,17,0,FALSE
41018,16,16,0,FALSE
21774,15,15,0,FALSE
4012,17,17,0,FALSE
41241,17,17,0,FALSE
41499,16,16,0,FALSE
47564,15,15,0,FALSE
778,17,17,0,FALSE
4320,16,16,0,FALSE
1843,13,13,0,FALSE
547,17,17,0,FALSE
42566,15,15,0,FALSE
21938,12,12,0,FALSE
2342,17,17,0,FALSE
3871,15,15,0,FALSE
41228,14,14,0,FALSE
46659,17,17,0,FALSE
24441,17,17,0,FALSE
40795,17,17,0,FALSE
21915,16,16,0,FALSE
14523,15,15,0,FALSE
25344,16,16,0,FALSE
41502,16,16,0,FALSE
772,17,17,0,FALSE
46645,16,16,0,FALSE
3452,16,16,0,FALSE
3910,18,15,3,TRUE
48735,17,17,0,FALSE
48614,17,17,0,FALSE
22352,16,16,0,FALSE
15876,15,15,0,FALSE
45710,15,15,0,FALSE
17945,17,17,0,FALSE
3875,16,4,12,TRUE
15719,16,16,0,FALSE
2955,17,17,0,FALSE
22910,14,14,0,FALSE
16061,17,17,0,FALSE
549,20,14,6,TRUE
45719,16,16,0,FALSE
2610,17,17,0,FALSE
20838,15,15,0,FALSE
24390,19,16,3,TRUE
21319,17,17,0,FALSE
15740,17,17,0,FALSE
16275,17,17,0,FALSE
2303,22,16,6,TRUE
1574,17,17,0,FALSE
2962,16,16,0,FALSE
1780,17,17,0,FALSE
22797,16,16,0,FALSE
2318,19,16,3,TRUE
20,16,16,0,FALSE
26518,17,17,0,FALSE
2919,16,16,0,FALSE
20758,17,17,0,FALSE
24097,16,16,0,FALSE
501,17,17,0,FALSE
1848,17,17,0,FALSE
45385,16,16,0,FALSE
2908,16,16,0,FALSE
22683,17,17,0,FALSE
17711,16,16,0,FALSE
2023,17,17,0,FALSE
336,17,17,0,FALSE
14525,16,16,0,FALSE
1667,16,16,0,FALSE
41491,17,17,0,FALSE
48621,16,16,0,FALSE
48889,19,16,3,TRUE
45400,16,16,0,FALSE
805,16,16,0,FALSE
22992,16,16,0,FALSE
15768,15,15,0,FALSE
41911,17,17,0,FALSE
22316,16,16,0,FALSE
219,17,17,0,FALSE
4364,17,17,0,FALSE
21606,16,16,0,FALSE
2586,17,17,0,FALSE
1438,17,17,0,FALSE
41614,16,16,0,FALSE
15138,17,17,0,FALSE
24250,16,16,0,FALSE
24414,17,17,0,FALSE
3493,18,15,3,TRUE
15855,17,17,0,FALSE
974,15,15,0,FALSE
16054,17,17,0,FALSE
45117,17,17,0,FALSE
679,16,16,0,FALSE
15778,16,16,0,FALSE
47537,16,16,0,FALSE
15214,17,17,0,FALSE
790,17,17,0,FALSE
2663,16,16,0,FALSE
1013,17,17,0,FALSE
16175,17,17,0,FALSE
16238,16,16,0,FALSE
40797,17,17,0,FALSE
16103,17,17,0,FALSE
40452,18,15,3,TRUE
1569,17,17,0,FALSE
15,17,17,0,FALSE
14549,17,17,0,FALSE
843,16,16,0,FALSE
41748,16,16,0,FALSE
1434,16,16,0,FALSE
808,17,17,0,FALSE
41252,16,16,0,FALSE
40666,17,17,0,FALSE
2335,16,16,0,FALSE
4385,16,16,0,FALSE
4133,17,17,0,FALSE
25763,17,17,0,FALSE
20285,19,16,3,TRUE
17354,16,16,0,FALSE
2594,21,15,6,TRUE
4150,21,15,6,TRUE
4011,15,15,0,FALSE
720,17,17,0,FALSE
2959,17,17,0,FALSE
20649,17,17,0,FALSE
41001,17,17,0,FALSE
45704,16,16,0,FALSE
1854,17,17,0,FALSE
1157,17,17,0,FALSE
4360,16,16,0,FALSE
45639,16,16,0,FALSE
45389,17,17,0,FALSE
22950,17,17,0,FALSE
539,17,17,0,FALSE
26520,18,15,3,TRUE
773,16,16,0,FALSE
4524,22,16,6,TRUE
15296,14,14,0,FALSE
16129,16,16,0,FALSE
17377,17,17,0,FALSE
4466,16,16,0,FALSE
22980,19,16,3,TRUE
26514,17,17,0,FALSE
4314,15,15,0,FALSE
872,17,17,0,FALSE
723,17,17,0,FALSE
48950,16,16,0,FALSE
48818,17,17,0,FALSE
45105,17,17,0,FALSE
48363,16,16,0,FALSE
17363,15,15,0,FALSE
3058,17,17,0,FALSE
22847,17,17,0,FALSE
991,17,17,0,FALSE
45707,14,14,0,FALSE
41764,17,17,0,FALSE
24317,16,16,0,FALSE
2899,16,16,0,FALSE
20397,17,17,0,FALSE
1824,16,16,0,FALSE
48685,27,3,24,TRUE
25786,17,17,0,FALSE
525,17,17,0,FALSE
16269,16,16,0,FALSE
22723,17,17,0,FALSE
4200,17,17,0,FALSE
46477,17,17,0,FALSE
1758,16,16,0,FALSE
374,15,12,3,TRUE
999,17,17,0,FALSE
1435,17,17,0,FALSE
853,17,17,0,FALSE
4369,17,17,0,FALSE
332,17,17,0,FALSE
45636,16,16,0,FALSE
22969,17,17,0,FALSE
22971,17,17,0,FALSE
3488,18,15,3,TRUE
1768,16,16,0,FALSE
45324,17,17,0,FALSE
46680,17,17,0,FALSE
2954,16,16,0,FALSE
531,16,16,0,FALSE
19814,17,17,0,FALSE
4118,16,16,0,FALSE
1966,16,16,0,FALSE
15191,17,17,0,FALSE
45725,16,16,0,FALSE
19834,17,17,0,FALSE
40793,16,16,0,FALSE
4375,16,16,0,FALSE
15976,17,17,0,FALSE
517,16,16,0,FALSE
849,17,17,0,FALSE
41310,17,17,0,FALSE
41189,17,17,0,FALSE
1987,16,16,0,FALSE
22662,16,16,0,FALSE
841,17,17,0,FALSE
17880,16,16,0,FALSE
24993,13,10,3,TRUE
40627,17,17,0,FALSE
15368,16,16,0,FALSE
3972,15,15,0,FALSE
45393,15,15,0,FALSE
42542,17,17,0,FALSE
45312,17,17,0,FALSE
21790,17,17,0,FALSE
45642,17,17,0,FALSE
40949,17,17,0,FALSE
41634,13,13,0,FALSE
1153,17,17,0,FALSE
22400,16,16,0,FALSE
22346,16,16,0,FALSE
4410,17,17,0,FALSE
48986,17,17,0,FALSE
41612,17,17,0,FALSE
47687,16,16,0,FALSE
22669,17,17,0,FALSE
4258,14,14,0,FALSE
16009,16,16,0,FALSE
48358,17,17,0,FALSE
1028,17,17,0,FALSE
1715,18,15,3,TRUE
258,16,16,0,FALSE
43533,17,17,0,FALSE
47502,17,17,0,FALSE
2266,17,17,0,FALSE
24055,17,17,0,FALSE
287,17,17,0,FALSE
329,17,17,0,FALSE
1548,17,17,0,FALSE
285,16,16,0,FALSE
40914,17,17,0,FALSE
45395,20,17,3,TRUE
46630,17,17,0,FALSE
1694,16,16,0,FALSE
4549,16,16,0,FALSE
18100,17,17,0,FALSE
15366,17,17,0,FALSE
15203,16,16,0,FALSE
15594,16,16,0,FALSE
15724,16,16,0,FALSE
14923,16,16,0,FALSE
17404,16,16,0,FALSE
16131,15,15,0,FALSE
3471,15,15,0,FALSE
1631,16,16,0,FALSE
3130,17,17,0,FALSE
22791,15,15,0,FALSE
4259,19,16,3,TRUE
24863,17,17,0,FALSE
4425,16,16,0,FALSE
1633,17,17,0,FALSE
15392,16,16,0,FALSE
22344,15,15,0,FALSE
1755,16,16,0,FALSE
45281,15,15,0,FALSE
2352,16,16,0,FALSE
32426,17,17,0,FALSE
4393,16,16,0,FALSE
22788,17,17,0,FALSE
4421,16,16,0,FALSE
22960,17,17,0,FALSE
4377,17,17,0,FALSE
3048,16,16,0,FALSE
857,16,16,0,FALSE
699,17,17,0,FALSE
1621,16,16,0,FALSE
20833,17,17,0,FALSE
15904,16,16,0,FALSE
2049,16,16,0,FALSE
324,16,16,0,FALSE
40111,16,16,0,FALSE
2381,17,17,0,FALSE
17385,16,16,0,FALSE
1769,14,14,0,FALSE
1142,16,16,0,FALSE
796,16,16,0,FALSE
510,18,15,3,TRUE
22942,16,16,0,FALSE
16133,17,17,0,FALSE
44896,17,17,0,FALSE
14941,17,17,0,FALSE
16219,17,17,0,FALSE
24952,16,16,0,FALSE
41909,15,15,0,FALSE
1762,17,17,0,FALSE
1639,16,16,0,FALSE
4473,17,17,0,FALSE
15955,17,17,0,FALSE
1661,15,15,0,FALSE
48769,17,17,0,FALSE
22407,19,16,3,TRUE
24032,17,17,0,FALSE
40642,17,17,0,FALSE
41589,17,17,0,FALSE
40958,16,16,0,FALSE
2654,17,17,0,FALSE
1160,15,15,0,FALSE
823,17,17,0,FALSE
342,16,16,0,FALSE
21903,17,17,0,FALSE
1443,16,16,0,FALSE
20029,16,16,0,FALSE
1866,17,17,0,FALSE
17393,17,17,0,FALSE
22976,16,16,0,FALSE
22709,17,17,0,FALSE
15902,17,17,0,FALSE
20295,17,17,0,FALSE
4192,25,16,9,TRUE
44723,16,16,0,FALSE
316,17,17,0,FALSE
22049,16,16,0,FALSE
318,17,17,0,FALSE
3492,17,17,0,FALSE
678,16,16,0,FALSE
2637,17,17,0,FALSE
1704,17,17,0,FALSE
4286,17,17,0,FALSE
20131,17,17,0,FALSE
2286,16,16,0,FALSE
673,17,17,0,FALSE
3473,16,16,0,FALSE
17396,16,16,0,FALSE
19323,16,16,0,FALSE
533,16,16,0,FALSE
4213,16,16,0,FALSE
22687,16,16,0,FALSE
41527,16,16,0,FALSE
215,14,14,0,FALSE
4492,16,16,0,FALSE
45345,17,17,0,FALSE
16214,16,16,0,FALSE
21314,17,17,0,FALSE
516,16,16,0,FALSE
14264,12,12,0,FALSE
2289,14,14,0,FALSE
40450,16,16,0,FALSE
40791,17,17,0,FALSE
22757,17,17,0,FALSE
1817,14,14,0,FALSE
46672,16,16,0,FALSE
45701,17,17,0,FALSE
2377,17,17,0,FALSE
2028,11,11,0,FALSE
275,15,15,0,FALSE
18104,17,17,0,FALSE
3042,17,17,0,FALSE
17292,16,16,0,FALSE
22101,16,16,0,FALSE
4479,16,16,0,FALSE
4017,16,16,0,FALSE
2879,17,17,0,FALSE
20281,16,16,0,FALSE
19937,17,17,0,FALSE
3582,16,16,0,FALSE
48616,15,15,0,FALSE
41305,16,16,0,FALSE
40976,19,16,3,TRUE
19913,16,16,0,FALSE
20678,17,17,0,FALSE
15333,17,17,0,FALSE
497,16,16,0,FALSE
2611,17,17,0,FALSE
1965,17,17,0,FALSE
1703,16,16,0,FALSE
2011,17,17,0,FALSE
40988,16,16,0,FALSE
14110,15,15,0,FALSE
2576,15,15,0,FALSE
41485,16,16,0,FALSE
15866,17,17,0,FALSE
48633,14,14,0,FALSE
41762,16,16,0,FALSE
22786,20,17,3,TRUE
48649,20,17,3,TRUE
14498,17,17,0,FALSE
24089,15,15,0,FALSE
1906,5,5,0,FALSE
688,15,15,0,FALSE
20304,17,17,0,FALSE
45698,17,17,0,FALSE
1654,16,16,0,FALSE
21708,17,17,0,FALSE
1902,17,17,0,FALSE
24996,16,16,0,FALSE
821,17,17,0,FALSE
22047,17,17,0,FALSE
20050,17,17,0,FALSE
45351,17,17,0,FALSE
2050,17,17,0,FALSE
22805,16,16,0,FALSE
1890,17,17,0,FALSE
2588,17,17,0,FALSE
239,16,16,0,FALSE
14803,17,17,0,FALSE
15413,16,16,0,FALSE
4555,16,16,0,FALSE
48982,16,16,0,FALSE
343,16,16,0,FALSE
2025,17,17,0,FALSE
24048,17,17,0,FALSE
1003,17,17,0,FALSE
3563,17,17,0,FALSE
46292,17,17,0,FALSE
834,16,16,0,FALSE
835,16,16,0,FALSE
20279,16,16,0,FALSE
4415,16,16,0,FALSE
20012,17,17,0,FALSE
24080,16,16,0,FALSE
279,17,17,0,FALSE
2004,17,17,0,FALSE
15101,16,16,0,FALSE
3774,17,17,0,FALSE
1771,17,17,0,FALSE
15967,17,17,0,FALSE
1607,17,17,0,FALSE
17336,17,17,0,FALSE
987,17,17,0,FALSE
15646,21,15,6,TRUE
15061,17,17,0,FALSE
20609,17,17,0,FALSE
40448,16,16,0,FALSE
3046,16,16,0,FALSE
1610,16,16,0,FALSE
331,17,17,0,FALSE
3074,17,17,0,FALSE
1711,17,17,0,FALSE
48931,17,17,0,FALSE
3935,17,17,0,FALSE
15032,17,17,0,FALSE
4445,15,15,0,FALSE
15417,15,15,0,FALSE
4391,19,16,3,TRUE
24867,16,16,0,FALSE
3484,17,17,0,FALSE
317,16,16,0,FALSE
21926,17,17,0,FALSE
42563,17,17,0,FALSE
777,17,17,0,FALSE
40566,16,16,0,FALSE
15403,17,17,0,FALSE
20194,17,17,0,FALSE
4372,17,17,0,FALSE
4382,17,17,0,FALSE
16193,17,17,0,FALSE
42720,17,17,0,FALSE
811,16,16,0,FALSE
22828,17,17,0,FALSE
1657,16,16,0,FALSE
48697,14,11,3,TRUE
1520,16,16,0,FALSE
1663,16,16,0,FALSE
14512,17,17,0,FALSE
356,16,16,0,FALSE
519,17,17,0,FALSE
15715,16,16,0,FALSE
3047,16,16,0,FALSE
20018,17,17,0,FALSE
281,16,16,0,FALSE
21603,17,17,0,FALSE
48917,17,17,0,FALSE
304,16,16,0,FALSE
15035,18,15,3,TRUE
1849,16,16,0,FALSE
16212,17,17,0,FALSE
1705,16,16,0,FALSE
492,17,17,0,FALSE
4203,16,16,0,FALSE
42722,13,13,0,FALSE
550,17,17,0,FALSE
3830,17,17,0,FALSE
17359,17,17,0,FALSE
40579,32,17,15,TRUE
41183,17,17,0,FALSE
15189,17,17,0,FALSE
534,16,16,0,FALSE
4362,16,16,0,FALSE
41580,17,17,0,FALSE
41770,19,16,3,TRUE
45101,15,15,0,FALSE
4288,15,15,0,FALSE
22814,17,17,0,FALSE
2951,17,17,0,FALSE
4403,21,15,6,TRUE
1006,17,17,0,FALSE
871,17,17,0,FALSE
17371,16,16,0,FALSE
21768,9,9,0,FALSE
1448,17,17,0,FALSE
24155,14,14,0,FALSE
40454,15,15,0,FALSE
22817,16,16,0,FALSE
25232,17,17,0,FALSE
43525,17,17,0,FALSE
20046,17,17,0,FALSE
4209,16,16,0,FALSE
1622,17,17,0,FALSE
4467,16,16,0,FALSE
15793,17,17,0,FALSE
15680,17,17,0,FALSE
3928,16,16,0,FALSE
4531,17,17,0,FALSE
2314,17,17,0,FALSE
339,17,17,0,FALSE
1807,17,17,0,FALSE
514,16,16,0,FALSE
3125,16,16,0,FALSE
20922,17,17,0,FALSE
41606,15,15,0,FALSE
352,17,17,0,FALSE
17304,17,17,0,FALSE
22732,17,17,0,FALSE
2609,16,16,0,FALSE
48798,16,16,0,FALSE
21978,16,16,0,FALSE
22793,17,17,0,FALSE
15766,17,17,0,FALSE
46481,17,17,0,FALSE
17713,17,17,0,FALSE
20651,17,17,0,FALSE
47520,17,17,0,FALSE
4359,15,15,0,FALSE
1788,21,15,6,TRUE
45648,14,14,0,FALSE
4183,16,16,0,FALSE
13055,16,16,0,FALSE
816,17,17,0,FALSE
3056,17,17,0,FALSE
40803,17,17,0,FALSE
22652,16,16,0,FALSE
24956,14,14,0,FALSE
16278,16,16,0,FALSE
1632,16,16,0,FALSE
1904,16,16,0,FALSE
48948,18,15,3,TRUE
3977,16,16,0,FALSE
25837,17,17,0,FALSE
2961,17,17,0,FALSE
4145,16,16,0,FALSE
1152,16,16,0,FALSE
3468,18,15,3,TRUE
15586,17,17,0,FALSE
22908,16,16,0,FALSE
1104,16,16,0,FALSE
2623,15,15,0,FALSE
1626,19,16,3,TRUE
24091,16,16,0,FALSE
45381,17,17,0,FALSE
24303,16,16,0,FALSE
228,17,17,0,FALSE
32,17,17,0,FALSE
1002,17,17,0,FALSE
2953,17,17,0,FALSE
1648,17,17,0,FALSE
15776,16,16,0,FALSE
2593,16,16,0,FALSE
45716,17,17,0,FALSE
15394,20,14,6,TRUE
1766,17,17,0,FALSE
22851,15,15,0,FALSE
48925,16,16,0,FALSE
17368,16,16,0,FALSE
4120,17,17,0,FALSE
18123,15,15,0,FALSE
43295,17,17,0,FALSE
15259,17,17,0,FALSE
15682,16,16,0,FALSE
24461,15,15,0,FALSE
19995,17,17,0,FALSE
48782,16,16,0,FALSE
1970,16,16,0,FALSE
41835,17,17,0,FALSE
2328,14,14,0,FALSE
4436,16,16,0,FALSE
16073,17,17,0,FALSE
16236,15,15,0,FALSE
2880,17,17,0,FALSE
513,16,16,0,FALSE
48973,12,12,0,FALSE
1856,19,16,3,TRUE
40844,17,17,0,FALSE
4308,15,15,0,FALSE
42668,16,16,0,FALSE
1001,17,17,0,FALSE
369,18,15,3,TRUE
21838,19,16,3,TRUE
506,17,17,0,FALSE
1733,17,17,0,FALSE
19967,16,16,0,FALSE
PVT_Dabsan_Lake,17,16,1,TRUE
PVT_Daihai_Lake_2004,17,17,0,FALSE
PVT_Dalianhai_Lake,17,17,0,FALSE
PVT_Gonghai_Lake,17,17,0,FALSE
PVT_Hoton_Nur_2,16,16,0,FALSE
PVT_Manas_Lake_LM1,17,16,1,TRUE
PVT_Qidong,16,16,0,FALSE
PVT_Qinghai_Lake_QH2000,15,15,0,FALSE
PVT_Selin_Co_CK8803,16,16,0,FALSE
PVT_Sihailongwan_Lake,17,17,0,FALSE
PVT_Sumxi_Lake,17,17,0,FALSE
PVT_Ulan_Ul_Lake,16,16,0,FALSE
PVT_Ximen_Co,16,16,0,FALSE
PVT_Xingyun_Lake,15,15,0,FALSE
PVT_Yanghu_Lake,18,15,3,TRUE
Western_Ghats1,13,13,0,FALSE
PANGAEA.834960,12,12,0,FALSE
PVT_Akkol_Lake,17,17,0,FALSE
PVT_Ayongwama_Co,16,16,0,FALSE
PVT_Baikal_lake,17,17,0,FALSE
PVT_Barkol_Lake,17,17,0,FALSE
PVT_Chaiwopu_Lake,17,17,0,FALSE
PVT_Dahaizi_Lake,17,17,0,FALSE
PVT_Dajiuhu_2013,16,16,0,FALSE
PVT_Dali_Nur_Jiangjunpaozi_Lake,17,17,0,FALSE
PVT_Dali_Nur_Liuzhouwan_Lake,21,15,6,TRUE
PVT_Daluoba_basin,16,16,0,FALSE
PVT_Dongganchi,15,15,0,FALSE
PVT_Erhai_Lake,16,16,0,FALSE
PVT_Erhailongwan_Lake,16,16,0,FALSE
PVT_Ganhai_Lake,17,17,0,FALSE
PVT_Gantang,17,17,0,FALSE
PVT_Guangfulin,16,16,0,FALSE
PVT_Huguangyan_Maer_LakeB,15,14,1,TRUE
PVT_Hulun_Lake_HL06,19,16,3,TRUE
PVT_Kendegelukol_Lake,21,15,6,TRUE
PVT_Kotokel,11,11,0,FALSE
PVT_Koucha_Lake,17,17,0,FALSE
PVT_Kuhai_Lake,16,16,0,FALSE
PVT_Longquan_Lake_LC2,20,17,3,TRUE
PVT_Lop_Nur_Luo4,15,15,0,FALSE
PVT_Luanhaizi_LH2,13,13,0,FALSE
PVT_Mengcun,16,16,0,FALSE
PVT_Naleng_Co,17,17,0,FALSE
PVT_Nantun,16,16,0,FALSE
PVT_Qigai_Nuur,16,16,0,FALSE
PVT_Qongjiamong_Co,16,16,0,FALSE
PVT_Ren_Co_R1,17,17,0,FALSE
PVT_Sanjiaocheng_Section,17,17,0,FALSE
PVT_Sayram_Lake,17,17,0,FALSE
PVT_Shaamar,16,16,0,FALSE
PVT_Shayema_Lake,16,16,0,FALSE
PVT_Sujiawan,15,15,0,FALSE
PVT_Tiancai_Lake,16,16,0,FALSE
PVT_Uzunkol_Lake,17,17,0,FALSE
PVT_Wulungu_Lake,14,14,0,FALSE
PVT_Xiehu_Lake_SO4,16,16,0,FALSE
PVT_Yamant_Nur_Lake,16,16,0,FALSE
PVT_Yidun_Lake,17,17,0,FALSE
PVT_Zigetang_Co,17,17,0,FALSE
PVT_Zoige_RH,18,12,6,TRUE
PANGAEA.896390,13,13,0,FALSE
cao_2,16,16,0,FALSE
cao_8,21,15,6,TRUE
cao_14,17,17,0,FALSE
cao_23,19,16,3,TRUE
cao_24,12,12,0,FALSE
cao_26,19,16,3,TRUE
cao_30,16,16,0,FALSE
cao_33,17,17,0,FALSE
cao_35,16,16,0,FALSE
cao_39,18,15,3,TRUE
cao_41,17,17,0,FALSE
cao_43,17,17,0,FALSE
cao_44,16,16,0,FALSE
cao_50,16,16,0,FALSE
cao_51,11,11,0,FALSE
cao_54,11,11,0,FALSE
cao_56,16,16,0,FALSE
cao_57,23,14,9,TRUE
cao_59,17,17,0,FALSE
cao_65,11,11,0,FALSE
cao_74,17,17,0,FALSE
cao_78,17,17,0,FALSE
cao_79,15,15,0,FALSE
cao_80,15,15,0,FALSE
cao_84,16,16,0,FALSE
cao_86,17,17,0,FALSE
cao_101,16,16,0,FALSE
cao_102,12,12,0,FALSE
cao_104,12,12,0,FALSE
cao_105,17,17,0,FALSE
cao_106,21,15,6,TRUE
cao_108,14,14,0,FALSE
cao_116,16,16,0,FALSE
cao_117,13,13,0,FALSE
cao_122,17,17,0,FALSE
cao_124,17,17,0,FALSE
cao_127,12,12,0,FALSE
cao_134,16,16,0,FALSE
cao_137,16,16,0,FALSE
cao_158,15,15,0,FALSE
cao_164,16,16,0,FALSE
cao_166,16,16,0,FALSE
cao_151,18,15,3,TRUE
cao_152,14,14,0,FALSE
cao_85,17,17,0,FALSE
cao_71,19,16,3,TRUE
PANGAEA.884462,18,15,3,TRUE
PANGAEA.896256,14,14,0,FALSE
PANGAEA.717128,17,14,3,TRUE
PANGAEA.808952,17,17,0,FALSE
PANGAEA.893308,16,16,0,FALSE
PANGAEA.783359,17,17,0,FALSE
cao_6,14,14,0,FALSE
Lake_Moon,16,16,0,FALSE
47817,16,16,0,FALSE
Sandynallah_SBBS,17,17,0,FALSE
876,19,16,3,TRUE
46462,16,16,0,FALSE
46466,15,15,0,FALSE
46483,17,17,0,FALSE
3896,16,16,0,FALSE
46479,17,17,0,FALSE
46485,16,16,0,FALSE
46447,16,16,0,FALSE
3975,17,17,0,FALSE
1444,15,12,3,TRUE
46488,17,17,0,FALSE
2643,17,17,0,FALSE
1844,26,14,12,TRUE
4543,16,16,0,FALSE
46473,13,13,0,FALSE
40990,17,17,0,FALSE
1979,17,17,0,FALSE
4102,13,13,0,FALSE
4010,16,16,0,FALSE
14619,17,17,0,FALSE
15720,12,12,0,FALSE
1439,12,12,0,FALSE
4081,17,17,0,FALSE
4097,20,13,7,TRUE
3861,16,16,0,FALSE
1845,16,16,0,FALSE
41247,17,17,0,FALSE
15624,16,16,0,FALSE
41245,17,17,0,FALSE
1860,17,17,0,FALSE
30184,15,15,0,FALSE
14612,16,16,0,FALSE
15649,16,16,0,FALSE
14134,17,17,0,FALSE
15656,17,17,0,FALSE
4020,17,17,0,FALSE
22330,17,17,0,FALSE
15704,17,17,0,FALSE
15709,15,15,0,FALSE
15665,17,17,0,FALSE
15678,17,17,0,FALSE
46523,11,11,0,FALSE
3927,14,14,0,FALSE
4137,16,16,0,FALSE
4442,16,16,0,FALSE
4509,17,17,0,FALSE
24161,16,16,0,FALSE
24166,14,14,0,FALSE
24175,15,15,0,FALSE
pg_711911,17,17,0,FALSE
pg_858056,16,16,0,FALSE
pg_874340,16,16,0,FALSE
pg_884740,22,16,6,TRUE
pg_907390,11,11,0,FALSE
pg_711930,17,17,0,FALSE
pg_738918,17,17,0,FALSE
ippd_12,17,3,14,TRUE
ippd_14,16,16,0,FALSE
ippd_23,16,16,0,FALSE
ippd_31,17,17,0,FALSE
ippd_69,19,16,3,TRUE
ippd_648,17,17,0,FALSE
ippd_975,16,16,0,FALSE
ippd_978,17,17,0,FALSE
ippd_991,17,17,0,FALSE
ippd_1016,12,12,0,FALSE
ippd_1070,17,17,0,FALSE
ippd_1443,15,15,0,FALSE
ippd_1444,13,13,0,FALSE
ippd_1999,16,16,0,FALSE
ippd_2000,17,17,0,FALSE
ippd_2008,16,16,0,FALSE
ippd_2009,16,16,0,FALSE
ippd_2094,17,17,0,FALSE
ippd_2113,15,15,0,FALSE
ippd_2122,17,17,0,FALSE
ippd_2133,16,16,0,FALSE
ippd_2160,16,16,0,FALSE
ippd_2163,16,16,0,FALSE
ippd_2179,16,16,0,FALSE
ippd_2216,17,17,0,FALSE
ippd_2264,23,14,9,TRUE
ippd_2268,16,16,0,FALSE
ippd_2270,17,17,0,FALSE
ippd_2271,12,12,0,FALSE
ippd_2283,11,11,0,FALSE
ippd_2284,11,11,0,FALSE
ippd_2287,16,16,0,FALSE
ippd_2306,17,17,0,FALSE
ippd_2308,18,15,3,TRUE
ippd_2313,17,17,0,FALSE
ippd_2357,19,16,3,TRUE
